"conversation_id_str","created_at","favorite_count","full_text","id_str","image_url","in_reply_to_screen_name","lang","location","quote_count","reply_count","retweet_count","tweet_url","user_id_str","username"
"1902799105015140742","Thu Mar 20 19:07:13 +0000 2025","86304","What I saw vs what I painted #TolakRevisiUUTNI https://t.co/gXlFgelgKq","1902799105015140742","https://pbs.twimg.com/media/GmgZpP5bYAAnHOf.jpg","","en","Sub Bass Signal","394","676","30991","https://x.com/Fairushit/status/1902799105015140742","995583650824577024","Fairushit"
"1902963237597159474","Fri Mar 21 05:59:25 +0000 2025","30970","Jamuan hangat untuk para pengkhianat rakyat. #TolakRUUTNI #TolakRevisiUUTNI #PeringatanDarurat #IndonesiaGelap #TolakDwifungsiABRI #TolakRUUPolri #ArtistBersuara #KembalikanTNIkeBarak https://t.co/mrJGcmGFHN","1902963237597159474","https://pbs.twimg.com/media/Gmiu-qObwAA33OY.jpg","","in","","248","742","16663","https://x.com/caracaltamer/status/1902963237597159474","1242287027007016962","caracaltamer"
"1903045042681627122","Fri Mar 21 11:24:29 +0000 2025","6120","FUCK POLICE #TolakRUUTNI #TolakRevisiUUTNI #PeringatanDarurat #IndonesiaGelap #TolakDwifungsiABRI #TolakRUUPolri #TolakRUUKejaksaan https://t.co/7a9q7utDZg","1903045042681627122","https://pbs.twimg.com/amplify_video_thumb/1903044973743968257/img/XcGfQRE-0P58DMHH.jpg","","en","GF","36","577","2864","https://x.com/geemiily/status/1903045042681627122","1399153200779853830","geemiily"
"1902613213931540874","Thu Mar 20 06:48:33 +0000 2025","36695","stop ignorant. ini tuh NGARUH buat hidup lo. bahkan se-simple kegiatan fangirl lo yang haha hihi itu bakal kena. please buka mata dan educate yourself sama keadaan di negara lo sekarang #TolakRUUTNI #TolakRevisiUUTNI #PeringatanDarurat #IndonesiaGelap #TolakDwifungsiABRI https://t.co/Lx1vi6obSv","1902613213931540874","https://pbs.twimg.com/media/GmdwoYua8AIkHPn.jpg","","in","she/her","249","2156","23272","https://x.com/halalazia/status/1902613213931540874","1311629397321936897","halalazia"
"1902584143256719763","Thu Mar 20 04:53:02 +0000 2025","39173","ùêÇùê®ùê´ùêöùê§ ùêíùêöùê£ùêöùê§: Lagi-lagi kita saksikan suara kita tidak didengarkan. #LokaTerma #TolakRevisiUUTNI #TolakUUTNI #CabutRUUTNI #PeringatanDarurat https://t.co/lhJkipIImU","1902584143256719763","https://pbs.twimg.com/media/GmdWLchaAAAIYXu.png","","in","Nada Merawi.  |  üìñ: 5/10.","187","370","25126","https://x.com/lokaterma/status/1902584143256719763","1168503245515309058","lokaterma"
"1903080014502846655","Fri Mar 21 13:43:27 +0000 2025","5465","Bandung hari ini we will not back down #TolakRevisiUUTNI #IndonesiaGelap https://t.co/eghn54O1uw","1903080014502846655","https://pbs.twimg.com/media/GmkZCqHaEAIFzqW.jpg","","en","","16","96","1820","https://x.com/_whitedukeX/status/1903080014502846655","166900807","_whitedukeX"
"1902564062778585167","Thu Mar 20 03:33:15 +0000 2025","19049"," Memangnya kamu bisa apa??? Sudah! Menurut Saja kepada Aturan! #TolakRevisiUUTNI #TolakDwifungsiABRI #TolakRUUTNI https://t.co/UlhU4xROS2","1902564062778585167","https://pbs.twimg.com/media/GmdDHaIaoAAmcW6.jpg","","in","","55","169","9255","https://x.com/aqila_san21/status/1902564062778585167","866177556629737472","aqila_san21"
"1902954918908162347","Fri Mar 21 05:26:22 +0000 2025","5019","YANG KERJANYA LINDUNGIN RAKYAT SEKARANG CUMAN RAKYAT SENDIRI APARATNYA TUKANG PUKUL #TolakRUUTNI #TolakRevisiUUTNI #PeringatanDarurat #IndonesiaGelap #TolakDwifungsiABRI https://t.co/Lo0wQOLzNh","1902954918908162347","https://pbs.twimg.com/media/GminaDsaEAAucKw.jpg","","in","","31","591","3477","https://x.com/liddolmoonfairy/status/1902954918908162347","1304397018","liddolmoonfairy"
"1902986961847275828","Fri Mar 21 07:33:42 +0000 2025","4856","temen-temen jangan sampai tagar/ht ini turun dari trending tetap serukan aspirasi kita tentang apa yang terjadi saat ini di Indonesia dan bisa tambahin kalimat yg berbeda biar gak spam yaa #TolakRUUTNI #TolakRevisiUUTNI #PeringatanDarurat #IndonesiaGelap #TolakDwifungsiABRI https://t.co/tjRQVXRF6o","1902986961847275828","https://pbs.twimg.com/media/GmjEjllaEAEIrJ2.jpg","","in","STAY 2Í∏∞ ‚Ä¢ INA-ENG","50","1109","4422","https://x.com/hanIogys/status/1902986961847275828","823496950523654144","hanIogys"
"1902710754106822938","Thu Mar 20 13:16:09 +0000 2025","41477","Demi sang omega white lotus seorang emperor mengacak-acak konstitusi kerajaan #TolakRevisiUUTNI #TolakRUUTNI #TolakRUUPolri #TolakUUTNI #IndonesiaGelap https://t.co/kTbYhgpstw","1902710754106822938","https://pbs.twimg.com/media/GmfJSembsAA1FME.png","","in","Under your bed","525","386","15012","https://x.com/Potelot_mabur/status/1902710754106822938","1131979578656710657","Potelot_mabur"
"1902981826324635656","Fri Mar 21 07:13:17 +0000 2025","26227","GUYS AYO BERISIK SEBELUM KEBIJAKAN INTERNET &amp; SOSMED KITA DI BATASI! INI ADA DI RUU AYO PLIS BERISIK! THIS IS OUR LAST CHANCE FIGHT LIKE THIS OUR LAST DAY! #TolakRUUTNI #TolakRevisiUUTNI #PeringatanDarurat #IndonesiaGelap #TolakDwifungsiABRI #TolakRUUPolri #TolakRUUKejaksaan https://t.co/v6QYfRLe66","1902981826324635656","https://pbs.twimg.com/media/Gmi_4hVaEAIlS1_.png","","in","heartlypoet","677","2990","23352","https://x.com/crankykay/status/1902981826324635656","1873689147074068480","crankykay"
"1902612144576688474","Thu Mar 20 06:44:18 +0000 2025","43870","Kukira udah maghrib ternyata negara yang gelap. #TolakRevisiUUTNI https://t.co/njsnBLGU6S","1902612144576688474","https://pbs.twimg.com/media/GmdvqZlbYAAo-nH.jpg","","in","","163","224","17688","https://x.com/mojokstore/status/1902612144576688474","745153900995444736","mojokstore"
"1902637006653366569","Thu Mar 20 08:23:06 +0000 2025","96535","Penjelasan Alm Munir bagaimana Komando Teritorial bekerja. #TolakRevisiUUTNI #TolakUUTNI https://t.co/ofWX9FUOKC","1902637006653366569","https://pbs.twimg.com/ext_tw_video_thumb/1902636878953902083/pu/img/rVxgrA3x8qrnhHPH.jpg","","in","","477","181","37096","https://x.com/TaniHitam/status/1902637006653366569","1057323143147139073","TaniHitam"
"1903082049948487981","Fri Mar 21 13:51:32 +0000 2025","3956","JANGAN KENDOR!!KALO BUKAN KITA YANG NGELAWAN MAU SIAPA LAGI?!! #TolakRUUTNI #TolakRevisiUUTNI #PeringatanDarurat #IndonesiaGelap #TolakDwifungsiABRI https://t.co/QvgjPIbTaD","1903082049948487981","https://pbs.twimg.com/media/GmkbCVLaEAEp_ri.jpg","","in","","32","871","3261","https://x.com/fallforseungmin/status/1903082049948487981","1047655779178704897","fallforseungmin"
"1902675086617751690","Thu Mar 20 10:54:25 +0000 2025","171916","POLISI KONTOL RAKYAT LU GINIIN? LU PAKE SENJATA AJG!? KITA CUMA MAU ASPIRASIIN SUARA RAKYAT DOANG KONTOL #IndonesiaGelap #TolakRevisiUUTNI #TolakDwifungsiABRI #ACAB https://t.co/38sSIh3IcU","1902675086617751690","https://pbs.twimg.com/media/Gmeo5qfbkAAgacB.jpg","","in","Aa Ojak Ginanjar","1976","2177","51297","https://x.com/blitzosucker/status/1902675086617751690","536353554","blitzosucker"
"1902632652793852135","Thu Mar 20 08:05:48 +0000 2025","89949","bahasa bayi kenapa sih kok RUU TNI tuh salah. BACA YUK #TolakRUUTNI #TolakRevisiUUTNI #PeringatanDarurat #IndonesiaGelap #TolakDwifungsiABRI https://t.co/8gEQW9QzJT","1902632652793852135","https://pbs.twimg.com/media/GmeCT43bkAA474u.jpg","","in","relationsea ü¶ãü¶Ä","594","1052","56174","https://x.com/baymaxsad/status/1902632652793852135","1254922651534897152","baymaxsad"
"1902617631376732500","Thu Mar 20 07:06:06 +0000 2025","27333","BOLEHKAH REMAJA BERSUARA? #ArtistBersuara #TolakRevisiUUTNI #TolakDwifungsiABRI #TolakUUTNI https://t.co/OR6smMkPR3","1902617631376732500","https://pbs.twimg.com/media/Gmd0pQ2aYAAlyTE.jpg","","in","","136","812","12425","https://x.com/Mikaeladesu1/status/1902617631376732500","1473278197571547138","Mikaeladesu1"
"1902641640738857303","Thu Mar 20 08:41:31 +0000 2025","11895","Ô∏è What s happening in Indonesia Posted this on my instagram and I guess I d upload it here too hopefully reaching the international media or community. Help us. #TolakRevisiUUTNI #TolakUUTNI #TolakDwifungsiABRI #PengingatanDarurat keyword: military government news https://t.co/EXsJkyALrZ","1902641640738857303","https://pbs.twimg.com/media/GmeKengbQAARBS9.jpg","","en","üìö 4/20","120","257","8594","https://x.com/cestzlavie/status/1902641640738857303","1638659660461867011","cestzlavie"
"1903028821907083761","Fri Mar 21 10:20:02 +0000 2025","6419","AYO TERUS BERISIK JANGAN MAU DIBUNGKAM BALIKIN MILITER KE BARAK GAGALKAN RUU TNI #TolakRUUTNI #TolakRevisiUUTNI #PeringatanDarurat #IndonesiaGelap #TolakDwifungsiABRI https://t.co/SAns7fBc3o","1903028821907083761","https://pbs.twimg.com/media/GmjqnuCaEAAeNFk.jpg","","in","üáØüáµ","51","1053","4662","https://x.com/re41yd05/status/1903028821907083761","1598298551477764097","re41yd05"
"1903261804530389014","Sat Mar 22 01:45:49 +0000 2025","3005","#TolakRUUTNI #TolakRevisiUUTNI https://t.co/a33olgl2tE","1903261804530389014","https://pbs.twimg.com/media/Gmm-hkrakAAAy89.jpg","","qme","Indonesia","68","255","896","https://x.com/thejurgenholic/status/1903261804530389014","1637087245189656576","thejurgenholic"
"1903079596767285505","Fri Mar 21 13:41:48 +0000 2025","662","Hak kami terbakar habis oleh para penguasa bengis. #TolakRUUTNI #TolakRevisiUUTNI #PeringatanDarurat #IndonesiaGelap #TolakDwifungsiABRI #TolakRUUPolri https://t.co/24LcppobW2","1903079596767285505","https://pbs.twimg.com/media/GmkYy9OaEAY-mbW.jpg","","in","mailbox :","5","162","557","https://x.com/wrotefaith/status/1903079596767285505","2292343015","wrotefaith"
"1902568212576784826","Thu Mar 20 03:49:44 +0000 2025","4021","Ada Juga Masaa Aksi yg mendukung pengesahan RUU TNI rupanya dropnya dsekitar mobil2 Polisi. #IndonesiaGelap #TolakRevisiUUTNI https://t.co/pGpWWci4Cu","1902568212576784826","https://pbs.twimg.com/media/GmdHslBa8AI5fPs.jpg","","in","","111","146","1325","https://x.com/A_Komarud/status/1902568212576784826","48596288","A_Komarud"
"1902916817905193124","Fri Mar 21 02:54:58 +0000 2025","33850","Yuk kpopers mulai fokus lagi #TolakRUUTNI #TolakRevisiUUTNI #PeringatanDarurat #IndonesiaGelap #TolakDwifungsiABRI https://t.co/QZXj7rnfJH","1902916817905193124","https://pbs.twimg.com/media/GmiEwhlaEAAn3fb.jpg","","in","I miss Jaehyun","193","2552","13162","https://x.com/peachymgvrs/status/1902916817905193124","1212223160931586048","peachymgvrs"
"1902939075981550004","Fri Mar 21 04:23:25 +0000 2025","5531","my tomato homies lets be the LOUDEST to reject RUUTNI ‚ÄºÔ∏è #TolakRevisiUUTNI #TolakUUTNI #TolakRUUTNI #TolakDwifungsiABRI https://t.co/uuKNuy9Kdu","1902939075981550004","https://pbs.twimg.com/media/GmiZAD2aEAM9ilo.jpg","","en","Jawa Timur, Indonesia","30","176","2547","https://x.com/aerith_h/status/1902939075981550004","1863441085844086787","aerith_h"
"1902999676296761503","Fri Mar 21 08:24:13 +0000 2025","18169","jangan diam kita punya hak suara !! #TolakRUUTNI #TolakRevisiUUTNI #PeringatanDarurat #IndonesiaGelap #TolakDwifungsiABRI #TolakRUUPolri #TolakRUUKejaksaan https://t.co/nwFGBgbVDj","1902999676296761503","https://pbs.twimg.com/media/GmjQHvGboAAg1jB.jpg","","in","","164","2532","14169","https://x.com/ppnara_blossom/status/1902999676296761503","1618546598673547264","ppnara_blossom"
"1902703793680322650","Thu Mar 20 12:48:29 +0000 2025","13789","Siapapun yang lihat tulisan gua saat ini semoga kalian ada di jalan yang sama dengan gua: mencari keadilan. #TolakRUUTNI #TolakRevisiUUTNI #PeringatanDarurat #IndonesiaGelap #TolakDwifungsiABRI #ArtistBersuara #KembalikanTNIkeBarak https://t.co/cFi3EvkGbF","1902703793680322650","https://pbs.twimg.com/media/GmfDBEtbwAAlnsn.jpg","","in","work(s) & call center:","68","791","8077","https://x.com/kejengkangx/status/1902703793680322650","1417950001418829830","kejengkangx"
"1902733403234963789","Thu Mar 20 14:46:09 +0000 2025","46555","UPDATE Beberapa kawan-kawan yang terluka sudah dilarikan dan dalam perawatan medis di rumah sakit terdekat. #TolakRUUTNI #TolakRevisiUUTNI #TolakDwifungsiABRI https://t.co/YBtNaXCPyB","1902733403234963789","https://pbs.twimg.com/media/Gmfd5Zob0AAszGp.jpg","","in","","869","819","19550","https://x.com/humaniesproject/status/1902733403234963789","1337987604596150272","humaniesproject"
"1902753855479353446","Thu Mar 20 16:07:25 +0000 2025","6635","Alvin aja speak up dan bantu jelasin ke masyarakat pelawak gini otak sama empatinya masih ada kalau seleb tiktok lu itu masih penyepong omke ga omke gas berarti otak lu di pantat sih kata gua. #TolakRUUTNI #TolakRevisiUUTNI #IndonesiaGelap https://t.co/mNTLr4krHu","1902753855479353446","https://pbs.twimg.com/media/GmfwjEmbwAEzXr_.jpg","","in","Olympus, pansexual. Dnfwc.","29","69","1597","https://x.com/kbacklight/status/1902753855479353446","1519374452819390465","kbacklight"
"1902626468871729442","Thu Mar 20 07:41:13 +0000 2025","21524","Tanah ini merekam jejak darah tapi mereka pura-pura buta. Langit ini menggema suara rakyat tapi mereka memilih tuli. Sampai kapan kita dibiarkan tenggelam dalam derita yang mereka anggap wajar? #TolakRevisiUUTNI #TolakUUTNI #CabutRUUTNI #PeringatanDarurat https://t.co/silj5CfXTN","1902626468871729442","https://pbs.twimg.com/media/Gmd8rska8AE47xn.jpg","","in","üçâ","52","317","13670","https://x.com/minseonblues/status/1902626468871729442","1687003553263734784","minseonblues"
"1902867981627167008","Thu Mar 20 23:40:55 +0000 2025","24039","HIDUP PEREMPUAN YANG MELAWAN! HIDUP PEREMPUAN YANG MELAWAN! HIDUP PEREMPUAN YANG MELAWAN! HIDUP PEREMPUAN YANG MELAWAN! HIDUP PEREMPUAN YANG MELAWAN! HIDUP PEREMPUAN YANG MELAWAN! #TolakRevisiUUTNI #TolakRUUTNI #PeringatanDarurat #IndonesiaGelap #TolakDwifungsiABRI https://t.co/LMyq5HxG8c","1902867981627167008","https://pbs.twimg.com/media/GmhYVmQaEAMM1D7.jpg","","in","wonki‚Äôs digital diary ü™ê","111","1543","15505","https://x.com/hourlyjaeyunki/status/1902867981627167008","1372049891174752259","hourlyjaeyunki"
"1902616462159933888","Thu Mar 20 07:01:28 +0000 2025","22801","To my non Indonesian moots maybe u can read this one and share it to others. We Indonesian need more exposure to international so they will know what happened in Indonesia these days #TolakRUUTNI #TolakRevisiUUTNI #PeringatanDarurat #IndonesiaGelap #TolakDwifungsiABRI https://t.co/Y2wHpREIW8","1902616462159933888","https://pbs.twimg.com/media/GmdzloRa8AIXaJn.jpg","","en","üáÆüá©","278","1228","18700","https://x.com/ksooyuyujellee/status/1902616462159933888","3218766038","ksooyuyujellee"
"1902692277379883456","Thu Mar 20 12:02:43 +0000 2025","9913","Semakin takut dan muak jadi WNI tapi kalau bukan kita yang melawan lalu siapa lagi? #TolakRUUTNI #TolakRevisiUUTNI #PeringatanDarurat #IndonesiaGelap #TolakDwifungsiABRI https://t.co/YFFMUHKOmZ","1902692277379883456","https://pbs.twimg.com/amplify_video_thumb/1902692169049391104/img/BKP9O_g-sIqVbyoG.jpg","","in","","36","683","3916","https://x.com/senyuminajbrayy/status/1902692277379883456","1769851539248885762","senyuminajbrayy"
"1902912625253687465","Fri Mar 21 02:38:18 +0000 2025","6469","suka BL juga kan ya? sayangnya kita juga ada potensi terdampak. liat deh yg ku highlight makanyaa mau thaienthu kpopers wibu atau fans manapunnn ayooo kita suarainn #TolakRUUTNI #TolakRevisiUUTNI #PeringatanDarurat #IndonesiaGelap #TolakDwifungsiABRI https://t.co/5HatFGm1hR","1902912625253687465","https://pbs.twimg.com/media/GmiA8q1aEAIFRxO.jpg","","in","","355","782","3556","https://x.com/avosunflo/status/1902912625253687465","1382817571179663361","avosunflo"
"1902998365928857747","Fri Mar 21 08:19:01 +0000 2025","6626"," Saat itu hening tapi mencekam. Dan kami tidak ingin masa itu terulang. #ArtistBersuara #TolakRUUTNI #TolakRevisiUUTNI #PeringatanDarurat #IndonesiaGelap #TolakDwifungsiABRI https://t.co/nFcJjOeYHg","1902998365928857747","https://pbs.twimg.com/media/GmjOIPkbMAALpGu.jpg","","in","","38","863","4672","https://x.com/LaWhatSuz/status/1902998365928857747","1552480736212840448","LaWhatSuz"
"1902576841535443398","Thu Mar 20 04:24:01 +0000 2025","21748","Kepada Bapak-Ibu DPR RI. Jika hari ini sudah mengesahkan RUU TNI dan bersikukuh tidak ada dwifungsi . Demi keselamatan kami sebagai rakyat boleh dong kami meminta negara ini turut meratifikasi STATUTA ROMA? #TolakRUUTNI #TolakRevisiUUTNI #IndonesiaGelap #PeringatanDarurat https://t.co/9ljkKFJRfh","1902576841535443398","https://pbs.twimg.com/media/GmdPizUa8AMMrpp.jpg","","in","Indonesia","139","391","12132","https://x.com/nindyannisaas/status/1902576841535443398","1149834320548253696","nindyannisaas"
"1902612960650109145","Thu Mar 20 06:47:33 +0000 2025","9967","Klo mahasiswa Trisakti melawan UU TNI yg disahkan hari ini. Mereka paham bahwa kampus mereka adalah korban kebrutalan peluru2 tajam ABRI di tragedi kelam 98 yg bunuh 6 mahasiswa Trisakti &amp; sampe sekarang masih gelap. #TolakRevisiUUTNI https://t.co/hAdrXBG4EP","1902612960650109145","https://pbs.twimg.com/media/GmdwZ8Ia8AEoCaB.jpg","","in","Hindia Belanda ","24","246","3488","https://x.com/gtuajalah/status/1902612960650109145","900006804003762176","gtuajalah"
"1902699035409965107","Thu Mar 20 12:29:35 +0000 2025","3787","ayo terus kita suarakan. jgn sampe nih elu gue kita semua yg demen kpop jd kaga bisa ngonser lg karna bakal disortir takut dianggap mempertipis rasa nasionalisme. idol jg gak mau kali dtg ke negara berkonflik. #TolakRUUTNI #TolakRevisiUUTNI #PeringatanDarurat #IndonesiaGelap https://t.co/jq54W82UHe","1902699035409965107","https://pbs.twimg.com/media/Gme-rsCbQAASP8s.jpg","","in","hibernasi üêª‚Äç‚ùÑÔ∏è","25","646","2602","https://x.com/alinealienee/status/1902699035409965107","1891063568365420544","alinealienee"
"1903022572935188542","Fri Mar 21 09:55:12 +0000 2025","11762","Nct! JANGAN LENGAH GUYS!! TURUT BERDUKA CITA ATAS MATINYA REFORMASI! # TolakRUUTNI # TolakRevisiUUTNI # PeringatanDarurat # IndonesiaGelap # TolakDwifungsiABRI # TolakRUUPolri # TolakRUUKejaksaan https://t.co/klJGBlO6ys","1903022572935188542","https://pbs.twimg.com/media/Gmjk8ebaEAgXR0S.jpg","","in","Tutor send MF:","60","2614","6101","https://x.com/nct_menfess/status/1903022572935188542","1275010241017462784","nct_menfess"
"1902565454381810059","Thu Mar 20 03:38:46 +0000 2025","39023","CIEEE TAKUT CIEEE PAKE BAYAR2 CIEEEE NGENTOTTTTT #TolakRUUTNI #TolakRevisiUUTNI https://t.co/Hrp6Rys7ge","1902565454381810059","https://pbs.twimg.com/media/GmdFMczbIAA8Cdw.jpg","","in","Bristol Cove","544","596","8238","https://x.com/sagipussy/status/1902565454381810059","1251508760536682501","sagipussy"
"1902719708748800320","Thu Mar 20 13:51:44 +0000 2025","12941","my country is in a dangerous situation when military officials are now be able to have double positions both in government and military and now civilians are tortured. pray for Indonesia. #IndonesiaGelap #TolakRevisiUUTNI #TolakUUTNI https://t.co/V6VvqVPg7K","1902719708748800320","https://pbs.twimg.com/amplify_video_thumb/1902660140115087360/img/6UnuYBlHT-IaaM4J.jpg","","en","#AlwaysWithILLIT","49","439","6633","https://x.com/parkistp/status/1902719708748800320","1680769480635592704","parkistp"
"1903098518706983357","Fri Mar 21 14:56:59 +0000 2025","1099","#GagalkanRUUTNI #CabutRUUTNI #PeringatanDarurat #IndonesiaGelap #TolakRUUTNI #TolakRevisiUUTNI #PeringatanDarurat #IndonesiaGelap #TolakDwifungsiABRI #SupremasiSipil AYO GUYS NAIKIN HT NYA KITA BERSUARA LEWAT SOSMED KALAU GA BISA IKUT DEMO PEMERINTAH BIADAP KNTL BINATANG https://t.co/u6a2LKhkm3","1903098518706983357","https://pbs.twimg.com/media/GmkqAHrbUAAUSvY.jpg","","in","","14","435","856","https://x.com/xlyz23/status/1903098518706983357","1526844449875460096","xlyz23"
"1903088992599544016","Fri Mar 21 14:19:08 +0000 2025","6346","Ayo bersama kita ramaikan dengan hashtag! Suara rakyat adalah kekuatan rakyat! Dan Tunjukan Sikap Kita Semua #PeringatanDarurat #TolakRevisiUUTNI #AliansiAutobaseIndonesia #TolakUUTNI #TolakDwiFungsiABRI #IndonesiaGelap #CabutUUTNI https://t.co/NDSMpPfCBD","1903088992599544016","https://pbs.twimg.com/media/GmkgqPMaEAEu1bA.jpg","","in","","65","1697","4510","https://x.com/convomf/status/1903088992599544016","1314975287294083073","convomf"
"1902733775055847580","Thu Mar 20 14:47:37 +0000 2025","2744","ALERTA!!! aparat keparat sudah main kekerasan keterlaluan.. berbagai senjata dibawa buat apa? rakyat? mahasiswa? perempuan? BIADAB!! #RUUTNI #TolakRevisiUUTNI #TolakDwifungsiABRI https://t.co/gCCHeyROFa","1902733775055847580","https://pbs.twimg.com/media/GmfeJg_aUAAPhxN.jpg","","in","Jakarta Selatan, DKI Jakarta","37","73","1155","https://x.com/bintangezrf/status/1902733775055847580","1076847898187292672","bintangezrf"
"1903079686131028122","Fri Mar 21 13:42:09 +0000 2025","211","Negara lagi tidak baik¬≤ saja. Pejabat Negara be like : #TolakRevisiUUTNI #IndonesiaMakinGelap #PeringatanDarurat #TolakDwifungsiABRI #TolakRUUKejaksaan https://t.co/IxrTtvBRmX","1903079686131028122","https://pbs.twimg.com/media/GmkY4osa0AABS7k.jpg","","in","Book of Life","4","29","111","https://x.com/robinszon/status/1903079686131028122","1453977662","robinszon"
"1902598711387287841","Thu Mar 20 05:50:56 +0000 2025","24214","Kita barangkali sudah tamat. [ #TolakRevisiUUTNI #TolakDwifungsiTNI #IndonesiaGelap ] https://t.co/qurBHFph6w","1902598711387287841","https://pbs.twimg.com/media/Gmdjb6gbYAAcZOK.png","","in","‚òÖ ‚Äî He/him. RPS. Selective. 23+ üè≥Ô∏è‚Äçüåà
Proceed visiting with the precaution:
MDNI, Indogov slander, NSFW writer.
‚Äî‚Äî‚Äî‚Äî‚Äî‚Äî‚Äî‚Äî‚Äî‚Äî‚Äî‚Äî‚Äî‚Äî‚Äî‚Äî‚Äî","91","250","11781","https://x.com/ANARCHODES/status/1902598711387287841","1757071354816495616","ANARCHODES"
"1902562863132131362","Thu Mar 20 03:28:29 +0000 2025","1756","Yang ditakutkan saat kritik TNI dan RUU TNI karena memang sumber daya mereka tidak didesign untuk diskusi Sipil kalau dibeginikan pasti takut makanya militerisasi tidak cocok mengurus sipil dan demokrasi #TolakRUUTNI #TolakRevisiUUTNI https://t.co/PthmLhPbmD https://t.co/t41M22mfnK","1902562863132131362","https://pbs.twimg.com/ext_tw_video_thumb/1902562838880907269/pu/img/wxbNz6saF6a3MJPe.jpg","","in","","322","253","711","https://x.com/ramaArsy1/status/1902562863132131362","1603581503367446528","ramaArsy1"
"1902972585526141098","Fri Mar 21 06:36:34 +0000 2025","8557","Tolong banget temen¬≤ mungkin belum skrng dampak nya tapi akan ada dikemudian hari berdampak kepada diri sendirii. jangan buta mata Help rt #TolakRUUTNI #TolakRevisiUUTNI #PeringatanDarurat #IndonesiaGelap #TolakDwifungsiABRI #TolakRUUPolri #TolakRUUKejaksaan https://t.co/dSP8GgdJHr","1902972585526141098","https://pbs.twimg.com/media/Gmi3ejwbMAA_Q7Q.jpg","","in","wait for your love","102","1929","8295","https://x.com/nnncloudy/status/1902972585526141098","1633072218484924416","nnncloudy"
"1902608207165391307","Thu Mar 20 06:28:39 +0000 2025","30201","KITA HIDUP DI NEGARA TANPA TELINGA #TolakRUUTNI #TolakRevisiUUTNI #PeringatanDarurat #IndonesiaGelap #TolakDwifungsiABRI #ArtistBersuara #KembalikanTNIkeBarak https://t.co/F4dWaMT9VC","1902608207165391307","https://pbs.twimg.com/media/GmdsEcGa8AADK-1.jpg","","in","I, Caelum Dario Finnian.","151","969","22028","https://x.com/zznworld/status/1902608207165391307","2167374944","zznworld"
"1902611463556178356","Thu Mar 20 06:41:36 +0000 2025","5334","AWAS AWAS! ADA SETAN YANG LEPAS DARI JERUJI! #TolakRevisiUUTNI #TolakUUTNI #CabutRUUTNI #PeringatanDarurat https://t.co/8peHL0P1an","1902611463556178356","https://pbs.twimg.com/media/GmdvCdcaQAArAKh.jpg","","in","20‚Üë fangirling & oversharing.","18","277","3223","https://x.com/apriIdust/status/1902611463556178356","1295943969239527424","apriIdust"
"1902645265502265459","Thu Mar 20 08:55:55 +0000 2025","49533","perempuan punya hak suara perempuan bisa bersuara perempuan mau bersuara perempuan harus bersuara. PEREMPUAN MENOLAK REVISI UU TNI PEREMPUAN MELAWAN #TolakRUUTNI #TolakRevisiUUTNI #PeringatanDarurat #IndonesiaGelap #TolakDwifungsiABRI https://t.co/57KarpVcqC","1902645265502265459","https://pbs.twimg.com/media/GmeNx_laQAAvRLK.jpg","","in","relationsea ü¶ãü¶Ä","335","1778","38949","https://x.com/baymaxsad/status/1902645265502265459","1254922651534897152","baymaxsad"
"1902719069826027731","Thu Mar 20 13:49:11 +0000 2025","52299","Ô∏èKorban pentung parcok baru saja Ô∏è #TolakRevisiUUTNI #TolakRUUTNI https://t.co/iGpAPQKOIx","1902719069826027731","https://pbs.twimg.com/media/GmfQ5VnbsAA1SJ9.jpg","","in","","959","1880","17440","https://x.com/nctzenhumanity/status/1902719069826027731","1577988690718052354","nctzenhumanity"
"1902608891441266953","Thu Mar 20 06:31:23 +0000 2025","4007","Tanpa rasa malu aku berani menaikkan art ini lagi ke permukaan. #TolakRevisiUUTNI #TolakRUUTNI https://t.co/qnREkj4tGo","1902608891441266953","https://pbs.twimg.com/media/GmdstFAa8AIpTXA.jpg","","in","","4","55","1652","https://x.com/RainKeyyDesu/status/1902608891441266953","1334704607902064642","RainKeyyDesu"
"1902580486171455643","Thu Mar 20 04:38:30 +0000 2025","10428","Yang sudah atau yang sedang baca Laut Bercerita bakal nangis se nangis nangisnya. #TolakRevisiUUTNI #IndonesiaGelap #Reformasi https://t.co/0rFryzYuno","1902580486171455643","https://pbs.twimg.com/media/GmdS3m_a8AAhZNs.jpg","","in","","157","138","3607","https://x.com/Slfiannda/status/1902580486171455643","1290926337717235712","Slfiannda"
"1903187909144088671","Fri Mar 21 20:52:11 +0000 2025","3810","PLEASE TAG INTERNATIONAL JOURNALIST/MEDIA! #TolakRUUTNI #TolakRevisiUUTNI #WargaBantuWarga https://t.co/ngwGLPEsBS","1903187909144088671","https://pbs.twimg.com/media/Gml7UUAaEAIqNR1.png","","en","Jerman Barat","56","235","3385","https://x.com/txtfromIR/status/1903187909144088671","1697113639898271744","txtfromIR"
"1902343770282086815","Wed Mar 19 12:57:53 +0000 2025","35017","#TolakRUUTNI #TolakRevisiUUTNI https://t.co/0kLJKEzVdX","1902343770282086815","https://pbs.twimg.com/media/GmZ7kFma8AI_hsC.jpg","","qme","","108","230","16487","https://x.com/linolilo/status/1902343770282086815","1726933926","linolilo"
"1902731144979689806","Thu Mar 20 14:37:10 +0000 2025","31916","Innalillahi detik detik SDM rendah jual sawah serang mahasiswa dlm akasi #TolakUUTNI #TolakDwifungsiTNI #TolakRevisiUUTNI Fixs orde baru telah bangkit #PeringatanDarurat Pasca pengesahan ruu tni makin berani arogan dan represif https://t.co/Uyg3U4AcIs","1902731144979689806","https://pbs.twimg.com/amplify_video_thumb/1902731029825089537/img/fCbFkBDYgvH1YDIH.jpg","","in","Kota Madiun, Jawa Timur","635","631","13348","https://x.com/ilhampid/status/1902731144979689806","1447198634726998016","ilhampid"
"1903264230541058502","Sat Mar 22 01:55:28 +0000 2025","61","#AliansiAutobaseIndonesia mengajak warga X untuk menolak UU TNI. Ô∏è DROP HASTAG! Ô∏è Sejarah membuktikan masuknya Militer ke ranah sipil mengancam Supremasi Sipil &amp; membunuh cita-cita reformasi mewujudkan negara Indonesia yang demokratis. #TolakRevisiUUTNI #CabutUUTNI https://t.co/MSK6HheUzJ","1903264230541058502","https://pbs.twimg.com/media/GmnAdBEaEAMi7Hr.jpg","","in","","0","40","57","https://x.com/worksfess/status/1903264230541058502","1244597361826885636","worksfess"
"1903055681273659704","Fri Mar 21 12:06:46 +0000 2025","18568","temen temen online harus tetap berisik. harus tetap kawal teman teman kita yang aksi hari ini. jangan sampai turun tagarnya ya terus bersamai kawan kawan yang aksi. PANJANG UMUR PERJUANGAN #TolakRUUTNI #TolakDwifungsiABRI #TolakRevisiUUTNI https://t.co/IRCeNLgGLM","1903055681273659704","https://pbs.twimg.com/media/GmkDDMlaEAEN678.jpg","","in","HUMAN ‚Ä¢ üîï ‚Ä¢ slow in dm","128","2142","13163","https://x.com/rockstarstae/status/1903055681273659704","1257949179990560769","rockstarstae"
"1902615460740526161","Thu Mar 20 06:57:29 +0000 2025","15854","Dijajah di Tanah Sendiri Dibunuh oleh yang Berkuasa. #TolakRevisiUUTNI #TolakUUTNI #CabutRUUTNI #PeringatanDarurat https://t.co/W4vbH4gxy4","1902615460740526161","https://pbs.twimg.com/media/Gmdyqs1a8AUeai1.jpg","","in","20‚Üë | rps | writing acc","69","518","10478","https://x.com/blueishyel/status/1902615460740526161","1485026214171779072","blueishyel"
"1903052461490995684","Fri Mar 21 11:53:58 +0000 2025","27439","buruh tani memggema di dprd jawa barat malam ini! cc: @BudiBukanIntel @barengwarga @kozirama #TolakRUUTNI #TolakRevisiUUTNI https://t.co/hwJFG5sdqu","1903052461490995684","https://pbs.twimg.com/amplify_video_thumb/1903052313071357953/img/0osd-LqdfR2JPH4E.jpg","","in","182'23","235","407","12715","https://x.com/pablonification/status/1903052461490995684","2937539161","pablonification"
"1902602311916269957","Thu Mar 20 06:05:14 +0000 2025","32367","butuh suara kalian‚ÄºÔ∏è #TolakRUUTNI #TolakRevisiUUTNI #PeringatanDarurat #IndonesiaGelap https://t.co/W1ZrECWKA9","1902602311916269957","https://pbs.twimg.com/media/GmdmtzyawAAoZ-e.jpg","","in","jk‚Äôs","198","2537","19219","https://x.com/jjkstaan2/status/1902602311916269957","1720295195424751616","jjkstaan2"
"1902949933004755417","Fri Mar 21 05:06:33 +0000 2025","11682","ngehype KPop jalan ngehype kapal homosek lancar apalagi cuma naikin hastag buat negara lu sendiri keberatan yakali?! AYO JANGAN TONE DEAF CPT KITA LAWAN PENGUASA HAUS KEKUASAAN ITU SKRG‚ÄºÔ∏è #TolakRUUTNI #TolakRevisiUUTNI #PeringatanDarurat #IndonesiaGelap #TolakDwifungsiABRI https://t.co/rwEGN5Np99","1902949933004755417","https://pbs.twimg.com/media/Gmii4R4aEAE0Z6n.jpg","","in","homophobicdni.","138","3002","9188","https://x.com/chenataluv/status/1902949933004755417","1410986769328136199","chenataluv"
"1902708021526253608","Thu Mar 20 13:05:17 +0000 2025","70993","19:57 DPR JAKARTA Chaos. Rakyat dipukul mundur pake alat yang dibiayai oleh rakyat. #TolakRUUTNI #TolakRevisiUUTNI https://t.co/0Cu0RMP3ku","1902708021526253608","https://pbs.twimg.com/amplify_video_thumb/1902706997964988417/img/5422RXSbToEIDjCy.jpg","","in","","2677","1440","35752","https://x.com/jackjackparrr/status/1902708021526253608","1011699904933064709","jackjackparrr"
"1903131257334272174","Fri Mar 21 17:07:04 +0000 2025","3413","00.05 WIB. Sampai tengah malam massa aksi masih bertahan. #TolakRevisiUUTNI #TolakDwifungsiABRI https://t.co/mRi16uXJRd","1903131257334272174","https://pbs.twimg.com/ext_tw_video_thumb/1903131228250968065/pu/img/xvMXwt370MnR3yz5.jpg","","in","Bandung","67","94","1637","https://x.com/BdgBergerakID/status/1903131257334272174","1493801169075855365","BdgBergerakID"
"1902639772029612178","Thu Mar 20 08:34:05 +0000 2025","11674","Beredar di media sosial tentang penjagaan sidang DPR RI dari aksi #TolakRevisiUUTNI Pada era Orde Baru pengerahan tentara dalam menghadapi demontrasi selalu diterapkan. https://t.co/Evl3aNvfYM","1902639772029612178","https://pbs.twimg.com/ext_tw_video_thumb/1902639718015365120/pu/img/dqH3Kvub3eylxxxY.jpg","","in","Jakarta Capital Region","192","157","6627","https://x.com/watchdoc_ID/status/1902639772029612178","2959310304","watchdoc_ID"
"1902730309579538760","Thu Mar 20 14:33:51 +0000 2025","88059","Lutesha at the #TolakRevisiUUTNI protest held in Jakarta today. https://t.co/AHjEyvy2hG","1902730309579538760","https://pbs.twimg.com/media/GmfbIhWboAAMjeK.jpg","","en","","2169","817","13484","https://x.com/IndoPopBase/status/1902730309579538760","1394211991116451843","IndoPopBase"
"1902954871533535669","Fri Mar 21 05:26:11 +0000 2025","4454","Indonesia makin gak kondusif kacau balau. ‚ÄºÔ∏èNaikinn ht jangan tutup mata‚ÄºÔ∏è ‚ÄºÔ∏èHELP RT LIKE AND REPLY‚ÄºÔ∏è #TolakRUUTNI #TolakRevisiUUTNI #PeringatanDarurat #IndonesiaGelap #TolakDwifungsiABRI https://t.co/5tBXxOrMRC","1902954871533535669","https://pbs.twimg.com/media/GminXVUaEAQSLY6.jpg","","in","she/her | 05L","42","1367","4012","https://x.com/valdacimolnrvt/status/1902954871533535669","1889726264988360704","valdacimolnrvt"
"1902909364190711824","Fri Mar 21 02:25:21 +0000 2025","2628","Aku mau ngangkat lagi art ini #ArtistBersuara #TolakRUUTNI #TolakRevisiUUTNI #PeringatanDarurat https://t.co/Z51szvFTJ5","1902909364190711824","https://pbs.twimg.com/media/Gmh9-XdaEAA6el1.jpg","","in","","13","339","1841","https://x.com/kayoshiii/status/1902909364190711824","771939462154715136","kayoshiii"
"1903048373021839607","Fri Mar 21 11:37:43 +0000 2025","247","masa harus ada yang meninggal kaya 1998 si? #TolakRUUTNI #TolakRevisiUUTNI #PeringatanDarurat #IndonesiaGelap #TolakDwifungsiABRI #TolakRUUPolri #TolakRUUKejaksaan https://t.co/LTinDrV68t","1903048373021839607","https://pbs.twimg.com/media/Gmj8aPZbsAAxkaC.jpg","","in","","9","71","168","https://x.com/tee_lvre/status/1903048373021839607","1810351082222268425","tee_lvre"
"1902595243201159224","Thu Mar 20 05:37:09 +0000 2025","30589","pls tetap bersuara sempatkan #TolakRUUTNI #TolakRevisiUUTNI #PeringatanDarurat #IndonesiaGelap https://t.co/Z0uGTmKjLw","1902595243201159224","https://pbs.twimg.com/media/GmdgSXtbIAAJEpe.jpg","","in","BTS","176","1846","18452","https://x.com/busanbbys7/status/1902595243201159224","742542479027666944","busanbbys7"
"1902578283201597800","Thu Mar 20 04:29:45 +0000 2025","46849","Nggak malu apa sudah ada 3 Demo besar dalam jangka waktu kurang dari setahun? #TolakRevisiUUTNI","1902578283201597800","","","in","","386","334","15459","https://x.com/yaboishiru/status/1902578283201597800","256428722","yaboishiru"
"1903034496448122885","Fri Mar 21 10:42:35 +0000 2025","29380","HASTAGNYA MULAI TURUN SEDANGKAN PERLAWANAN DILAPANGAN MASIH BERGERAK. #TolakRUUTNI #TolakRevisiUUTNI #PeringatanDarurat #IndonesiaGelap #TolakDwifungsiABRI https://t.co/SAgAoCIW87","1903034496448122885","https://pbs.twimg.com/media/Gmjvxv9aEAEshoC.jpg","","in","no war ‚Ä¢ no shipper and solos!","213","3734","19322","https://x.com/guemaungeluh/status/1903034496448122885","1331207771518242823","guemaungeluh"
"1902620699438805018","Thu Mar 20 07:18:18 +0000 2025","7511","Berita Kematian #TolakRevisiUUTNI #TolakDwifungsiABRI #TolakUUTNI https://t.co/cVhtE2SI7N","1902620699438805018","https://pbs.twimg.com/media/Gmd3cP-a8AAidbz.jpg","","in","ID/EN/MY OK!","14","239","3219","https://x.com/_4chilles1700/status/1902620699438805018","1527266747967229952","_4chilles1700"
"1902756378038702324","Thu Mar 20 16:17:26 +0000 2025","53404","Ketika peserta aksi demo berdebat dengan perwakilan DPRD! Ibu sebagai wakil rakyat malah bilang tidak ada yang salah dengan RUU TNI! Digaji rakyat berpihaknya bukan ke rakyat #TolakRevisiUUTNI https://t.co/Wk1MXMRv3J","1902756378038702324","https://pbs.twimg.com/ext_tw_video_thumb/1902756314343952384/pu/img/hRA3sjBUHNDJWXty.jpg","","in","Indonesia ","1185","1140","15374","https://x.com/Mdy_Asmara1701/status/1902756378038702324","1334853481019056128","Mdy_Asmara1701"
"1902749609837085055","Thu Mar 20 15:50:33 +0000 2025","2435","ARTIST JANGAN BIARKAN SIAPAPUN MEMBUNGKAM KITA! Mulut kitaa tak hanya untuk MAKAN tetapi BERSUARA! Tuhan lindungilah semuaa yang telah turun untuk memperjuangkan hak-nya. #TolakRUUTNI #TolakRevisiUUTNI #PeringatanDarurat #IndonesiaGelap #TolakDwifungsiABRI #ArtistBersuara https://t.co/yOF3RRcKDZ","1902749609837085055","https://pbs.twimg.com/media/GmfsryZaIAAMPL5.jpg","","in","","9","239","1555","https://x.com/Avrlya_/status/1902749609837085055","1439939035116363786","Avrlya_"
"1903181593772228845","Fri Mar 21 20:27:06 +0000 2025","13604"," UPDATE KONDISI TERKINI DARI BANDUNG Kawan-kawan aksi yang terluka sudah mendapatkan pertolongan pertama dilapangan dibandu oleh teman-teman media dan kawan aksi lainnya. Stay safe semuanya! #TolakRevisiUUTNI #CabutRUUTNI https://t.co/STIJR8wVWr","1903181593772228845","https://pbs.twimg.com/media/Gml1jCnaEAAehfy.jpg","","in","","219","290","7208","https://x.com/humaniesproject/status/1903181593772228845","1337987604596150272","humaniesproject"
"1902784872541982798","Thu Mar 20 18:10:40 +0000 2025","8783","#TolakRUUTNI #TolakRevisiUUTNI #PeringatanDarurat #IndonesiaGelap #TolakDwifungsiABRI https://t.co/vkGerXE1de","1902784872541982798","https://pbs.twimg.com/media/GmgMweubEAAvUvZ.jpg","","qme","RL, 02 voters DNI‚ÄºÔ∏è","43","502","4779","https://x.com/crxno0/status/1902784872541982798","1375840469519790081","crxno0"
"1902634358776713719","Thu Mar 20 08:12:35 +0000 2025","25583","teman-teman walaupun uu tni sudah di sahkan kita harus tetep masif bersuara tagarnya di media sosial. perlawanan sekecil apapun itu tetap perlawanan. teman-teman &amp; masyarakat sipil sampai saat ini masih di depan gedung DPR. panjang umur perjuangan #TolakRevisiUUTNI #TolakRUUTN https://t.co/pF7jycuX6Z","1902634358776713719","https://pbs.twimg.com/media/GmeDsYRa8AAcRds.jpg","","in","HUMAN ‚Ä¢ üîï ‚Ä¢ slow in dm","116","1222","15174","https://x.com/rockstarstae/status/1902634358776713719","1257949179990560769","rockstarstae"
"1903198520787734710","Fri Mar 21 21:34:21 +0000 2025","1095","bang windah udah turun tangan buat bantu share loh yuk bisa yuk adik adik kita naikkin hashtag nya dan ikut bantu share juga‚ÄºÔ∏è‚ÄºÔ∏è #TolakRUUTNI #TolakRevisiUUTNI #PeringatanDarurat #IndonesiaGelap #TolakDwifungsiABRI #TolakRUUPolri #TolakRUUKejaksaan https://t.co/nIDqUYt4f9","1903198520787734710","https://pbs.twimg.com/media/GmmE9_4aEAIsK-U.jpg","","in","","32","151","436","https://x.com/chloerinde/status/1903198520787734710","1788902479067045888","chloerinde"
"1902661566711153139","Thu Mar 20 10:00:41 +0000 2025","27684","Varian baru dari SIDO RAKYAT #TolakRUUTNI #TolakRevisiUUTNI https://t.co/WjY5Sz0oQP","1902661566711153139","https://pbs.twimg.com/media/GmebdcQbAAAfWzJ.jpg","","in","","52","80","10441","https://x.com/nadeuxx/status/1902661566711153139","1542139931845599233","nadeuxx"
"1903210373253378247","Fri Mar 21 22:21:27 +0000 2025","67","Hormat kawan-kawan!Ô∏è Bandung tadi malam jadi bukti kalau amarah publik itu ga bakal pernah bisa dibendung oleh kuasa. #TolakRevisiUUTNI #CabutUUTNI #TolakDwifungsiABRI https://t.co/XvIA2tU5MQ","1903210373253378247","https://pbs.twimg.com/media/GmmPej3bYAAmg1m.jpg","","in","022","0","3","14","https://x.com/dimitigaa/status/1903210373253378247","949392388241293312","dimitigaa"
"1902750613953446018","Thu Mar 20 15:54:32 +0000 2025","6810","Temen temen ini ada salah satu massa aksi di bandung yang hp nya ilang saat aksi dan setelah dilacak ada di dalam gedung DPRD Provinsi jawa barat! Udah nyolong ruang sipil ini nambah nyolong HP juga! #TolakRevisiUUTNI https://t.co/ZDii8Ya9xl","1902750613953446018","https://pbs.twimg.com/media/GmftmVqbsAAgEKI.jpg","","in","","108","55","2653","https://x.com/cakarkuning/status/1902750613953446018","1074497814942572544","cakarkuning"
"1902614979913957684","Thu Mar 20 06:55:34 +0000 2025","6135","ùòøùôäùôéùòº ùôîùòºùôâùôÇ ùôèùôÑùòøùòºùôÜ ùôãùòºùôâùôèùòºùôé ùôÜùòºùôàùôê ùôáùôÑùôÉùòºùôè #TolakRevisiUUTNI #TolakRUUTNI #PeringatanDarurat #IndonesiaGelap https://t.co/bOCzNZGW4Z","1902614979913957684","https://pbs.twimg.com/media/GmdyPGYbQAA85Bk.jpg","","in","03 üáÆüá©","18","486","3400","https://x.com/metanaries/status/1902614979913957684","1075360031233662977","metanaries"
"1902574682009895064","Thu Mar 20 04:15:26 +0000 2025","21030","wallahi we re finished #TolakRUUTNI #TolakRevisiUUTNI #PeringatanDarurat #IndonesiaGelap https://t.co/bBhwO1z5pc","1902574682009895064","https://pbs.twimg.com/media/GmdNldPa8AIc51a.jpg","","en","Gangnam-gu, Seoul","50","857","8643","https://x.com/xxrncies/status/1902574682009895064","1531894548825137152","xxrncies"
"1903199816022450201","Fri Mar 21 21:39:30 +0000 2025","1309","Nct! CALLING ALL INTERNATIONAL MEDIA/JOURNALIST‚ÄºÔ∏è TURUT BERDUKA CITA ATAS MATINYA REFORMASI! # TolakRUUTNI # TolakRevisiUUTNI # PeringatanDarurat # IndonesiaGelap # TolakDwifungsiABRI # TolakRUUPolri # TolakRUUKejaksaan https://t.co/SbXrI0eEkR","1903199816022450201","https://pbs.twimg.com/media/GmmGJZWaEAEfiqz.jpg","","in","Tutor send MF:","11","1022","749","https://x.com/nct_menfess/status/1903199816022450201","1275010241017462784","nct_menfess"
"1902556880129671354","Thu Mar 20 03:04:42 +0000 2025","40146","Perempuan melawan perempuan menolak Revisi UU TNI! Kami perempuan dan kami menolak keras! #TolakRUUTNI #TolakRevisiUUTNI sc: Aliansi Perempuan Indonesia https://t.co/Lu29s9SnCF","1902556880129671354","https://pbs.twimg.com/media/Gmc9YaCa8AY7JQ2.jpg","","in","no war ‚Ä¢ no shipper and solos!","262","1112","31315","https://x.com/guemaungeluh/status/1902556880129671354","1331207771518242823","guemaungeluh"
"1902873569249665534","Fri Mar 21 00:03:07 +0000 2025","2727","gamau lagi kan ngerasain trauma lama? buat yang masih bingung apa hubungannya Revisi UU TNI sama orba? kalian bisa baca disini ya https://t.co/Pscpye0W0i #TolakRevisiUUTNI #TolakRUUTNI #TolakDwifungsiABRI https://t.co/T0lspFAk7x","1902873569249665534","https://pbs.twimg.com/media/GmhdbAhaAAAleuT.jpg","","in","","5","170","1090","https://x.com/shina_adelard/status/1902873569249665534","1077589815514681344","shina_adelard"
"1903104111182065762","Fri Mar 21 15:19:12 +0000 2025","422","Demi Allah gue gpp ngetik segini banyak ke ratusan bahkan keribuan org. Gue jabanin asalkan mrk bisa melek politik dan sadar gmn kondisi indo sekarang #TolakRUUTNI #TolakRevisiUUTNI #PeringatanDarurat #IndonesiaGelap #TolakDwifungsiABRI #TolakRUUPolri #TolakRUUKejaksaan https://t.co/TiMOrZtWkX","1903104111182065762","https://pbs.twimg.com/media/GmkvGZbaEAQ53bJ.jpg","","in","pluto","9","72","158","https://x.com/imaginingning_/status/1903104111182065762","1488854674836844545","imaginingning_"
"1902588975178776669","Thu Mar 20 05:12:14 +0000 2025","31433","[250320] Instagram. Menanggapi disahkannya Undang-Undang TNI oleh DPR eaJ memberikan dukungan untuk rakyat Indonesia. Kami mengirimkan pelukan untuk Rakyat Indonesia khususnya untuk Jars Indonesia. #TolakRUUTNI #TolakRevisiUUTNI #IndonesiaGelap #PeringatanDarurat https://t.co/r5xDh9V5bd","1902588975178776669","https://pbs.twimg.com/media/GmdalhUa8AUQMMV.jpg","","in","üáÆüá© INDONESIA JARS","274","538","8362","https://x.com/sappheirosteam/status/1902588975178776669","1562085488219267072","sappheirosteam"
"1902596349276885025","Thu Mar 20 05:41:32 +0000 2025","4015","guys kalo misalnya kenyamanan fangirl sementara terusik mohon di mengerti dulu ya karena negara lagi kacau kalo negara terus terusan gini kita gatau sampe kapan bisa nge hype idol kita dengan tenang lagi #TolakRUUTNI #TolakRevisiUUTNI #PeringatanDarurat #IndonesiaGelap https://t.co/8EVLUMLWbI","1902596349276885025","https://pbs.twimg.com/media/GmdhS-ba8AQwRgz.jpg","","in","","30","1125","3337","https://x.com/95taenis/status/1902596349276885025","1259343817590935555","95taenis"
"1902573983775727684","Thu Mar 20 04:12:40 +0000 2025","21977","Aku gak percaya. Reformasi yang dulu diperjuangkan ayah-ibuku dengan turun ke jalan dan berteriak lantang menolak kediktatoran di hadapan wajah-wajah menjijikkan kini rampung sudah. Inalillahi. Telah mati reformasi. #TolakRevisiUUTNI #TolakRUUTNI #tolakDwifungsiTNI https://t.co/QGwADggHL4","1902573983775727684","https://pbs.twimg.com/media/GmdM9KeagAA3GIz.jpg","","in","she/her ‚Ä¢ sandybsexual","71","202","9160","https://x.com/bluesunkiss_/status/1902573983775727684","583732183","bluesunkiss_"
"1902240437622215081","Wed Mar 19 06:07:16 +0000 2025","111815","Selain sewa sedot tinja coba salurkan ide liar teman-teman agar aksi kali ini bisa lebih didengar dan tidak anti klimaks. Kali ini ga bisa yg biasa biasa aja #TolakRevisiUUTNI #TolakRUUTNI https://t.co/U18NoYPetW","1902240437622215081","https://pbs.twimg.com/media/GmYdlQSbUAA3D8D.jpg","","in","","835","2241","21484","https://x.com/jackjackparrr/status/1902240437622215081","1011699904933064709","jackjackparrr"
"1902705816953614370","Thu Mar 20 12:56:31 +0000 2025","7933","ini gila banget sih. semoga teman2 mahasiswa dan semuanya yang lagi demo di kasih kekuatan ya.... sakit hati banget gua sumpah #IndonesiaGelap #TolakRevisiUUTNI #PeringatanDarurat #TolakUUTNI https://t.co/N1ai05hYtb","1902705816953614370","https://pbs.twimg.com/amplify_video_thumb/1902705682752933888/img/nRZw80ATPPFMnUPq.jpg","","in","","43","173","2904","https://x.com/habibanonogal/status/1902705816953614370","1547608968939204609","habibanonogal"
"1903050305044119674","Fri Mar 21 11:45:24 +0000 2025","24934","Bandung Mari bung rebut kembali #TolakRevisiUUTNI https://t.co/hhyYB9X2ZG","1903050305044119674","https://pbs.twimg.com/media/Gmj-KUkbYAA-mfb.jpg","","in","Indonesia","142","540","11354","https://x.com/barengwarga/status/1903050305044119674","1850558971779956736","barengwarga"
"1903012282147409945","Fri Mar 21 09:14:18 +0000 2025","414","Seorang ibu tidak bisa mengaji karena menangisi anaknya #TolakRevisiUUTNI #TolakDwifungsiTNI #IndonesiaGelap #PeringatanDarurat https://t.co/rTyDZVFVW1","1903012282147409945","https://pbs.twimg.com/media/GmjblA6aEAA6v80.png","","in","Indonesia","5","1","194","https://x.com/akrmidori/status/1903012282147409945","1279672541645160453","akrmidori"
"1902978314798792969","Fri Mar 21 06:59:20 +0000 2025","308","buat yg masih belum paham bisa baca tweetan ini ini bhsnya sangat mudah di pahami bgtt tolongg melek krn sekarang bener' udh ga ketolong ayo berisik!! #TolakRUUTNI #TolakRevisiUUTNI #PeringatanDarurat #IndonesiaGelap #TolakDwifungsiABRI #TolakRUUPolri #TolakRUUKejaksaan https://t.co/kbJ31hhb28","1902978314798792969","https://pbs.twimg.com/media/Gmi8r2nakAAZSKC.jpg","","in","","5","51","227","https://x.com/bluemazx_/status/1902978314798792969","1852274390999924736","bluemazx_"
"1902664409480049032","Thu Mar 20 10:11:59 +0000 2025","1292","PLS RT LIKE OR REPLY‚ÄºÔ∏è #TolakRUUTNI #TolakRevisiUUTNI #PeringatanDarurat #IndonesiaGelap #TolakDwifungsiABRI https://t.co/I6UbEVgR0a","1902664409480049032","https://pbs.twimg.com/media/GmefMQra8AAjwCG.jpg","","en","she/they ; fan account ‚ãÜÀô‚ü°","18","303","974","https://x.com/wafflerush/status/1902664409480049032","1298488186562199553","wafflerush"
"1902959645146095753","Fri Mar 21 05:45:09 +0000 2025","16051","Demo #TolakRevisiUUTNI sudah sampai media Internasional https://t.co/VZLrLQg3qW","1902959645146095753","https://pbs.twimg.com/ext_tw_video_thumb/1902959057360826368/pu/img/WanapxliBP36SXna.jpg","","in","Indonesia ","108","188","6742","https://x.com/Mdy_Asmara1701/status/1902959645146095753","1334853481019056128","Mdy_Asmara1701"
"1902566635954921790","Thu Mar 20 03:43:28 +0000 2025","2490","Heii para pemimpin pejabat aparat.. rakyat punya salah apa hingga kalian segitu jahat kepada rakyat.. #TolakRevisiUUTNI https://t.co/zhbskl6qmL","1902566635954921790","https://pbs.twimg.com/ext_tw_video_thumb/1902566194114371584/pu/img/fcEqolJdSujXjEE0.jpg","","in","Linimasa X","20","27","995","https://x.com/toe_giman/status/1902566635954921790","1336576386987790336","toe_giman"
"1903108630246728118","Fri Mar 21 15:37:10 +0000 2025","1335","AYOK SEMUA TETAP SEMANGAT YOKK!! #GagalkanRUUTNI #CabutRUUTNI #PeringatanDarurat #IndonesiaGelap #TolakRUUTNI #TolakRevisiUUTNI #PeringatanDarurat #IndonesiaGelap #TolakDwifungsiABRI #SupremasiSipil https://t.co/NfmxT5EkHr","1903108630246728118","https://pbs.twimg.com/media/GmkzNo5agAAK6Yu.jpg","","in","fan acc // Indonesia","10","515","1113","https://x.com/vanescent21/status/1903108630246728118","1591428767561682944","vanescent21"
"1902611616383816180","Thu Mar 20 06:42:12 +0000 2025","12520","Plis jangan buta ya sama keadaan Indonesia saat ini. Ini baru awal dan keadaannya udah cukup rusak. Stop tone deaf ya #TolakRUUTNI #TolakRevisiUUTNI #PeringatanDarurat #IndonesiaGelap #TolakDwifungsiABRI https://t.co/UFTQW9xV8j","1902611616383816180","https://pbs.twimg.com/media/GmdvLlcaYAAzRa4.jpg","","in","üáÆüá©","61","1599","8664","https://x.com/ksooyuyujellee/status/1902611616383816180","3218766038","ksooyuyujellee"
"1901437485097636114","Mon Mar 17 00:56:38 +0000 2025","32872","Mohon maaf nih pak Maruli TNI aja beli celana dalam masih pake duit rakyat ya masa mengkritik dan menolak dwi fungsi TNI malah dikatain kampungan. Orang kampungan pun punya kontribusi beliin celana dalam prajurit TNI. #TolakRevisiUUTNI #TolakDwifungsiABRI https://t.co/pH1t04c24v","1901437485097636114","https://pbs.twimg.com/media/GmNDUBKa0AAWnLw.jpg","","in","Indonesia","1461","937","16122","https://x.com/mawakresna/status/1901437485097636114","871103989","mawakresna"
"1902751080292995355","Thu Mar 20 15:56:23 +0000 2025","6533","ayo terus berisik Pukul mundur TNI ke barak! #TolakRUUTNI #TolakRevisiUUTNI #PeringatanDarurat #IndonesiaGelap #TolakDwifungsiABRI https://t.co/xFPPXxaXrf","1902751080292995355","https://pbs.twimg.com/media/Gmft_4sacAEe0L6.jpg","","in","Leehan's empang","39","968","4883","https://x.com/txtdaribonedo/status/1902751080292995355","1694709898305757184","txtdaribonedo"
"1902626034270498880","Thu Mar 20 07:39:30 +0000 2025","5251"," ÏÇ¨ÌïÑÍ∑ÄÏ†ï [Sa-phil-gwi-jeong] Justice will prevail Keadilan akan menang Tolak RUU TNI #TolakRUUTNI #TolakRevisiUUTNI #PeringatanDarurat #IndonesiaGelap #TolakDwifungsiABRI https://t.co/h2UXTsJwJ5","1902626034270498880","https://pbs.twimg.com/media/Gmd8SxQa8AIvxzs.jpg","","in","üáÆüá©","25","583","3462","https://x.com/atinytwinz/status/1902626034270498880","1576698717641805826","atinytwinz"
"1902974734037553171","Fri Mar 21 06:45:06 +0000 2025","98","Bayangin perempuan makin gaada ruang gerak karena yg diatas isinya org cabul semua #TolakRUUTNI #TolakRevisiUUTNI #PeringatanDarurat #IndonesiaGelap #TolakDwifungsiABRI #TolakRUUPolri #TolakRUUKejaksaan https://t.co/Z75iNBezSm","1902974734037553171","https://pbs.twimg.com/media/Gmi5btdakAApeM4.jpg","","in","Thaienthu/mlbb/random","1","19","68","https://x.com/croazie/status/1902974734037553171","1106876389108547585","croazie"
"1902734934848221194","Thu Mar 20 14:52:14 +0000 2025","9875","Well fuck you DPR RI #TolakUUTNI #TolakRevisiUUTNI https://t.co/micIVK8Aas","1902734934848221194","https://pbs.twimg.com/media/GmffVZAa0AAHVM-.jpg","","en","Kota Surabaya, Jawa Timur","29","297","4237","https://x.com/_p1ter_/status/1902734934848221194","851519902888280064","_p1ter_"
"1902585089311256771","Thu Mar 20 04:56:48 +0000 2025","4265","Rakyat mana yang kalian wakili kok enteng benar ucap Setuju dengan kompak saat sidang Undang Undang TNI ini tiba RUU perampasan aset diam diam bae kalian #PeringatanDarurat #IndonesiaGelap #TolakRevisiUUTNI #DPR https://t.co/09xLjJoJuM","1902585089311256771","https://pbs.twimg.com/ext_tw_video_thumb/1902584771529822208/pu/img/xw685zf8l06DyQsj.jpg","","in","dibawah langit diatas tanah","292","615","1974","https://x.com/la14ard/status/1902585089311256771","2373763375","la14ard"
"1903033622724218918","Fri Mar 21 10:39:06 +0000 2025","1668","Indonesia memang harga mati. Namun demokrasi telah diinjak mati #TolakRUUTNI #TolakRevisiUUTNI #TolakDwifungsiABRI #ArtistBersuara #IndonesiaGelap https://t.co/0Ek4KavohP","1903033622724218918","https://pbs.twimg.com/media/Gmju_rtaEAACNAk.jpg","","in","","5","243","1224","https://x.com/delacroix_32/status/1903033622724218918","1527950206545047555","delacroix_32"
"1903260917871329718","Sat Mar 22 01:42:18 +0000 2025","21","Ô∏èGIVE AWAYÔ∏è saldo spay 50k untuk 2 org syarat rt like follow gua and reply HT dibawah sebanyak-banyaknya!! #TolakRUUTNI #TolakRevisiUUTNI #PeringatanDarurat #IndonesiaGelap #TolakDwifungsiABRI tag. #zonauang #Giveaway #GiveawayAlert https://t.co/9rCBI2atnA","1903260917871329718","https://pbs.twimg.com/media/Gmm9tbVbUAAqXFS.jpg","","in","DKI Jakarta, Indonesia","1","46","21","https://x.com/loacfer/status/1903260917871329718","2551379593","loacfer"
"1902867521889505738","Thu Mar 20 23:39:05 +0000 2025","3112","Jadi rakyat mana yang anda wakilkan? #ArtistBersuara #TolakRUUTNI #TolakRevisiUUTNI #PeringatanDarurat #IndonesiaGelap #TolakDwifungsiABRI https://t.co/GFT2gMXV1q","1902867521889505738","https://pbs.twimg.com/media/GmhX63za8AAO66h.jpg","","in","","28","372","2310","https://x.com/twinkleblush/status/1902867521889505738","1722056669105180672","twinkleblush"
"1902611499329192024","Thu Mar 20 06:41:44 +0000 2025","1647","Ironis gak sih ketika Eyang Kakung dan Ibunda nya dengan LANTANG berteriak agar TNI TIDAK BOLEH BERPOLITIK..!! Hari ini Justru Puan Maharani dgn AKAL WARAS ngetok palu di Gedung DPR RI utk MENGESAHKAN RUU TNI mjd Undang-Undang #TolakRevisiUUTNI Polri dan juga RUU KEJAKSAAN https://t.co/hDQrS5BMfv","1902611499329192024","https://pbs.twimg.com/ext_tw_video_thumb/1902611450113486849/pu/img/wzkosDR8DyH3BJFE.jpg","","in","Indonesia","29","36","634","https://x.com/_cenk90E/status/1902611499329192024","1316816732","_cenk90E"
"1902705361393729935","Thu Mar 20 12:54:43 +0000 2025","4785"," selanjutnya kepala siapa? #TolakRevisiUUTNI #TolakDwifungsiABRI #TolakUUTNI #ArtistBersuara https://t.co/0OMvS3LRnv","1902705361393729935","https://pbs.twimg.com/media/GmfEb-iawAA5E-P.jpg","","in","","55","228","1800","https://x.com/pqimacx/status/1902705361393729935","1858074670551142400","pqimacx"
"1903040502464962620","Fri Mar 21 11:06:27 +0000 2025","9344","Ô∏èBUKA PUASA GRATISÔ∏è Teman-teman sekitar DPRD Jabar ada abang Batagor dan Baso Tahu sudah merapat silahkan diambil sudah dibayar semua. #TolakRUUTNI #TolakRevisiUUTNI @barengwarga https://t.co/s1sSWyhIxr","1903040502464962620","https://pbs.twimg.com/media/Gmj1PekaEAAQUe8.jpg","","in","","112","134","2996","https://x.com/nctzenhumanity/status/1903040502464962620","1577988690718052354","nctzenhumanity"
"1902977891799011430","Fri Mar 21 06:57:39 +0000 2025","21141","gausah takut akun twt lo yg aesthetic itu rusak cuma karna naikin ht biar negara lu yg garusak tetep naikin ht sampe akun lu kekunci kan udah biasa #TolakRUUTNI #TolakRevisiUUTNI #PeringatanDarurat #IndonesiaGelap #TolakDwifungsiABRI #TolakRUUPolri #TolakRUUKejaksaan","1902977891799011430","","","in","homophobicdni.","173","3280","14668","https://x.com/chenataluv/status/1902977891799011430","1410986769328136199","chenataluv"
"1902719924747075788","Thu Mar 20 14:10:51 +0000 2025","9623","@_mardial_ #TolakRUUTNI #TolakRevisiUUTNI https://t.co/qAGm7hDZmX","1902724521737785705","https://pbs.twimg.com/media/GmfVvtWbgAA8CP2.jpg","_mardial_","qme","#MakinKarbitan ","34","61","2875","https://x.com/panggihas/status/1902724521737785705","325574634","panggihas"
"1902949531647611069","Fri Mar 21 05:04:58 +0000 2025","944","Video paling epic tahun 2025 mahasiswa vs polisi Yang ditakuti wowo gibran dan voter 02 : 1. Abah Anies 2. Pak Tom Lembong 3. Mahasiswa #PeringatanDarurat #TolakRevisiUUTNI https://t.co/hqhtloQCi5","1902949531647611069","https://pbs.twimg.com/ext_tw_video_thumb/1902949376819073026/pu/img/LpiHk_YccvVfOwvs.jpg","","in","ü¶âü§çùìê üéÄìÇÉ ‡£™Àñ","7","26","316","https://x.com/AnKiiim_/status/1902949531647611069","1603276472814567425","AnKiiim_"
"1902031506576683412","Tue Mar 18 16:17:03 +0000 2025","14396","Kenapa gerakan perempuan menolak revisi UU TNI? Kenapa Aliansi Perempuan Indonesia (API) dan rakyat menolak RUU TNI? #TolakRUUTNI #TolakRevisiUUTNI #IndonesiaGelap https://t.co/Uux8R0QXWI","1902031506576683412","https://pbs.twimg.com/media/GmVfkkVa0AAdbM0.jpg","","in","","123","71","9938","https://x.com/wandarxn/status/1902031506576683412","472921471","wandarxn"
"1902931955190206790","Fri Mar 21 03:55:07 +0000 2025","377","#viralvideo #TolakRevisiUUTNI #salamperjuangan #hidupmahasiswa https://t.co/xvQL9FhPTC","1902931955190206790","https://pbs.twimg.com/ext_tw_video_thumb/1902923363879882756/pu/img/NaWXLOTtHVZaRPix.jpg","","qme","Indonesia","6","22","128","https://x.com/geloraco/status/1902931955190206790","3319260420","geloraco"
"1902632557616758992","Thu Mar 20 08:05:25 +0000 2025","12578","Innalillahi wa inna ilaihi raji un. Reformasi telah dimakamkan tanpa batu nisan tanpa doa. #TolakRUUTNI #TolakRevisiUUTNI #PeringatanDarurat #IndonesiaGelap #TolakDwifungsiABRI #ArtistBersuara #KembalikanTNIkeBarak https://t.co/R9gDO5T3EM","1902632557616758992","https://pbs.twimg.com/media/GmeCONha8AAHaSK.jpg","","in","read this first:","47","502","7948","https://x.com/ellianaille/status/1902632557616758992","1248149594","ellianaille"
"1903010487639449664","Fri Mar 21 09:07:11 +0000 2025","306","Walaupun kecil aku masih punya suara. #TolakRUUTNI #TolakRevisiUUTNI #ArtistBersuara #IndonesiaGelap https://t.co/r2gZvEa68L","1903010487639449664","https://pbs.twimg.com/media/GmjZ8yVaEAA4ALb.jpg","","in","","2","13","185","https://x.com/Daynimalz6/status/1903010487639449664","1303296950687510529","Daynimalz6"
"1902910914938147095","Fri Mar 21 02:31:31 +0000 2025","3157","temen temen minta tolong banget untuk bantu dan terus menyuarakan masalah ini ya. Indonesia bener bener lagi gak kondusif banget sumpah kacau gak teratur gini #TolakRUUTNI #TolakRevisiUUTNI #PeringatanDarurat #IndonesiaGelap #TolakDwifungsiABRI https://t.co/dD3Sw7hIrq","1902910914938147095","https://pbs.twimg.com/media/Gmh_YDBaEAEEe-k.jpg","","in","üêæ  ‡∏õ‡∏≠‡∏ô‡∏î‡πå‡∏†‡∏π‡∏ß‡∏¥‡∏ô‡∏ó‡∏£‡πå  & ‡πÄ‡∏à‡∏°‡∏µ‡πÑ‡∏ô‡∏ô‡πå‡πÇ","36","1192","2868","https://x.com/miausle/status/1902910914938147095","1515215684564705281","miausle"
"1902631637059571974","Thu Mar 20 08:01:46 +0000 2025","12908","Btw tadi pas lewat polda ntah kenapa banyak ojol di dalem? Mungkin ojol beneran? Apakah ojol beneran? #TolakRevisiUUTNI #TolakUUTNI https://t.co/iIMkCi3Ml8","1902631637059571974","https://pbs.twimg.com/amplify_video_thumb/1902631572727328772/img/6eDTydCje0rXF3sk.jpg","","in","Indonesia","118","97","3849","https://x.com/ndchvff/status/1902631637059571974","39008809","ndchvff"
"1902576705296093247","Thu Mar 20 04:23:29 +0000 2025","4052","Aksi #TolakRUUTNI #TolakRevisiUUTNI hari ini depan Gerbang Pancasila DPR RI Jakarta Pusat. Masyarakat sipil dan berbagai koalisi termasuk Aliansi Perempuan Indonesia menyatakan kekecewaan mereka terhadap Parlemen yang tidak berpihak kepada rakyat. Demokrasi menjunjung https://t.co/HLSVY8ODog","1902576705296093247","https://pbs.twimg.com/media/GmdPbBAaAAAnZp7.jpg","","in","Indonesia","18","102","1967","https://x.com/konde_co/status/1902576705296093247","1269826533096448001","konde_co"
"1902812755121623108","Thu Mar 20 20:01:28 +0000 2025","2887","#TolakRUUTNI #TolakRevisiUUTNI https://t.co/TV7q4PcNP3","1902812755121623108","https://pbs.twimg.com/media/GmgmF5eaYAAQqcf.png","","qme","21+ ‚Äî they","13","61","1248","https://x.com/maerseille/status/1902812755121623108","1548001373735641090","maerseille"
"1902572545662185695","Thu Mar 20 04:06:57 +0000 2025","4384","ALL OF THESE FUCKERS CAN GO TO HELL AND DIE. I WISH NOTHING BUT THE WORST FOR ALL OF YOU MONEY-SUCKERS. #TolakRevisiUUTNI #TolakRUUTNI https://t.co/wgIl54UUur","1902572545662185695","https://pbs.twimg.com/media/GmdLavPawAASD_t.jpg","","en","ode to rahsaan","46","144","2404","https://x.com/kyungsoofisipol/status/1902572545662185695","1288780932820819968","kyungsoofisipol"
"1903185478372954474","Fri Mar 21 20:42:32 +0000 2025","9420"," UPDATE AMBULANCE BANDUNG Kawan-kawan aksi panik menyelematkan diri karena dari pihak aparat menyalakan kembang api terjadi kerusakan pada kaca spion ambulance yang berjaga di area aksi. #TolakRUUTNI #TolakRevisiUUTNI #TolakDwifungsiABRI https://t.co/7VvXzmF9tV","1903185478372954474","https://pbs.twimg.com/ext_tw_video_thumb/1903185287230156800/pu/img/bMRXNfsnAwPNFHJ6.jpg","","in","","467","267","4281","https://x.com/humaniesproject/status/1903185478372954474","1337987604596150272","humaniesproject"
"1902705808389083460","Thu Mar 20 12:56:29 +0000 2025","8998","Aksi #TolakRevisiUUTNI dari Sumbar Hari ini Aliansi BEM Se Kota Bukittinggi melaksanakan aksi di depan kantor DPRD Kota Bukittinggi aksi awalnya kondusif namun akhirnya ricuh yang diawali dengan pemukulan oleh oknum satpam DPRD Kota Bukittinggi terhadap Mahasiswa. Bukan itu https://t.co/uqOa0Nqe6t","1902705808389083460","https://pbs.twimg.com/ext_tw_video_thumb/1902705697760169985/pu/img/KOrawjn3r1rSyc1k.jpg","","in","multiverse","44","149","4106","https://x.com/neVerAl0nely/status/1902705808389083460","1282751327588585473","neVerAl0nely"
"1902787332748742965","Thu Mar 20 18:20:26 +0000 2025","1108","#TolakUUTNI #TolakRevisiUUTNI BUKAN HANYA TOLAK TAPI BATALKAN https://t.co/l1nq7FOYIH","1902787332748742965","https://pbs.twimg.com/media/GmgO_QkaEAQfp5Y.jpg","","in","Jakarta Selatan, DKI Jakarta","3","45","553","https://x.com/miracleb00y/status/1902787332748742965","1401924646044200963","miracleb00y"
"1902960256105451859","Fri Mar 21 05:47:35 +0000 2025","841","EXO-Ls we know the power of our voices right? Ô∏è Sekarang saatnya untuk speak up! Tolak RUU TNI yang disusun diam-diam jangan sampai kebebasan kita di media sosial juga dibungkam! RT &amp; suarakan! #TolakRUUTNI #TolakRevisiUUTNI #TolakDwifungsiABRI #TolakRUUPolri https://t.co/NIixHscOUx","1902960256105451859","https://pbs.twimg.com/media/GmisQnBaMAAnijk.jpg","","in","Indonesia","16","176","598","https://x.com/aeribase/status/1902960256105451859","839092116","aeribase"
"1902963415443968189","Fri Mar 21 06:00:08 +0000 2025","393"," PANDUAN STORYTELLING UNTUK KONTEN #TolakRevisiUUTNI Gusyy yg mau bikin atau nyebarin konten soal #PeringatanDarurat ttg apa yg terjadi di Indonesia saat ini ke TikTok dan Instagram ini aku kasih panduan simplenya Save&amp;Share ya harapannya biar ga bubble di Twitter aja https://t.co/e9bcBLXDho","1902963415443968189","https://pbs.twimg.com/media/Gmiu-tIaEAI8q_s.jpg","","in","Bali, Indonesia","3","1","91","https://x.com/dinikopi13/status/1902963415443968189","1160792019519717378","dinikopi13"
"1902619045389857179","Thu Mar 20 07:11:44 +0000 2025","4367","AURA ORBA NYA KUAT SEKALI. #TolakRevisiUUTNI #TolakRUUTNI https://t.co/xdvZI9wgPA","1902619045389857179","https://pbs.twimg.com/media/Gmd17tua8AErSzI.jpg","","in","","160","111","1398","https://x.com/jackjackparrr/status/1902619045389857179","1011699904933064709","jackjackparrr"
"1903137095725846811","Fri Mar 21 17:30:16 +0000 2025","595","Semakin malam Bandung pantang padam. #TolakRevisiUUTNI #IndonesiaGelap #PeringatanDarurat https://t.co/6TlfdlYgB7","1903137095725846811","https://pbs.twimg.com/media/GmlNF3saEAM7OvT.jpg","","in","","6","9","247","https://x.com/giemultiverse/status/1903137095725846811","1094563673463349248","giemultiverse"
"1903125100100194520","Fri Mar 21 16:42:36 +0000 2025","984","JANGAN CAPEK BERSUARA DAN DIBILANG FOMO DOANG mending dikatain fomo daripada bungkam doang!!! #GagalkanRUUTNI #CabutRUUTNI #PeringatanDarurat #IndonesiaGelap #TolakRUUTNI #TolakRevisiUUTNI #PeringatanDarurat #IndonesiaGelap #TolakDwifungsiABRI #SupremasiSipil https://t.co/Ui61fONWpx","1903125100100194520","https://pbs.twimg.com/media/GmlCMTDbIAA7QB9.jpg","","in","homophobic dni","9","556","924","https://x.com/umugosh/status/1903125100100194520","1372394292388397060","umugosh"
"1903080666553782339","Fri Mar 21 13:46:03 +0000 2025","1095","BERISIKLAH SAMPAI SUARAMU DIDENGAR OLEH YANG TULI AKAN SUARA RAKYAT. #TolakRUUTNI #TolakRevisiUUTNI #PeringatanDarurat #IndonesiaGelap #TolakDwifungsiABRI https://t.co/RP62jq5YhL","1903080666553782339","https://pbs.twimg.com/media/GmkZx66a8AA_IkH.jpg","","in","rem ìç¢÷¥‡ªãüå∑Õô÷í   ","10","416","1004","https://x.com/matchaalust/status/1903080666553782339","1573210966195859458","matchaalust"
"1902801464151642308","Thu Mar 20 19:16:36 +0000 2025","10834","Jogja menolak padam #TolakRevisiUUTNI https://t.co/5Pfws6EM9R","1902801464151642308","https://pbs.twimg.com/amplify_video_thumb/1902801261671628801/img/nllTr9poCjzXI2xL.jpg","","in","Underground Pleasure","51","81","3838","https://x.com/pasifisstate/status/1902801464151642308","1541306039236055041","pasifisstate"
"1903016037853106196","Fri Mar 21 09:29:14 +0000 2025","28410","BANDUNG TUMPAH RUAH #TolakRevisiUUTNI https://t.co/pWVEfXaV2M","1903016037853106196","https://pbs.twimg.com/media/Gmje_FJaEAEkm4j.jpg","","in","Indonesia","185","314","11245","https://x.com/barengwarga/status/1903016037853106196","1850558971779956736","barengwarga"
"1902609787743027413","Thu Mar 20 06:34:56 +0000 2025","9765","Diam bukan pilihan! Jika tak bisa turun ke jalan mari bersuara di media sosial‚ÄºÔ∏è #TolakRUUTNI #TolakRevisiUUTNI #PeringatanDarurat #IndonesiaGelap #TolakDwifungsiABRI https://t.co/n1hiJZGRup","1902609787743027413","https://pbs.twimg.com/media/GmdthB2a8AETUKb.jpg","","in","","91","1612","9031","https://x.com/SUGAIndoFanbase/status/1902609787743027413","1267702606643605505","SUGAIndoFanbase"
"1903056083700289620","Fri Mar 21 12:08:22 +0000 2025","8575","Kabar dari purwokerto #TolakRevisiUUTNI https://t.co/6XSB5Q07Zv","1903056083700289620","https://pbs.twimg.com/media/GmkDasvbQAA-6Lc.jpg","","in","Indonesia","64","217","3956","https://x.com/barengwarga/status/1903056083700289620","1850558971779956736","barengwarga"
"1903031007210885608","Fri Mar 21 10:28:43 +0000 2025","157","TEMEN TEMEN AYO GUNAIN HAK SUARA KALIAN! kawal dan lebih berisik lagi soal ini #TolakRUUTNI #TolakRevisiUUTNI #PeringatanDarurat #IndonesiaGelap #TolakDwifungsiABRI #TolakRUUPolri #TolakRUUKejaksaan https://t.co/AxeCyBkADl","1903031007210885608","https://pbs.twimg.com/media/GmjsnZna8AATNQu.jpg","","in","üêæ  ‡∏õ‡∏≠‡∏ô‡∏î‡πå‡∏†‡∏π‡∏ß‡∏¥‡∏ô‡∏ó‡∏£‡πå  & ‡πÄ‡∏à‡∏°‡∏µ‡πÑ‡∏ô‡∏ô‡πå‡πÇ","4","132","179","https://x.com/miausle/status/1903031007210885608","1515215684564705281","miausle"
"1902701307456114748","Thu Mar 20 12:38:36 +0000 2025","11048","Walau sudah di SAH kan jangan berhenti pantang menyerah yuk terus bersuara! #TolakRUUTNI #TolakRevisiUUTNI #PeringatanDarurat #IndonesiaGelap #TolakDwifungsiABRI https://t.co/eU2CXMiYnm","1902701307456114748","https://pbs.twimg.com/media/GmfAwI-bsAAvKXk.jpg","","in","Seoul, Korea Selatan","80","1663","8977","https://x.com/rahmdess27/status/1902701307456114748","442477264","rahmdess27"
"1903285073002238459","Sat Mar 22 03:18:17 +0000 2025","36","Yaallah jauhkan lah kami dari orang2 yg dzolim #TolakRUUTNI #TolakRevisiUUTNI #PeringatanDarurat #IndonesiaGelap #TolakDwifungsiABRI #MECIMA_NOT_PROfessional #MECIMA_NOT_PROfessional #MECIMA_NOT_PROfessional #MECIMA_NOT_PROfessional https://t.co/FFBbcjE1gh","1903285073002238459","https://pbs.twimg.com/media/GmnTruxaEAIw542.jpg","","in","Maung'98","2","1","76","https://x.com/frompapay/status/1903285073002238459","204256340","frompapay"
"1902729631591170142","Thu Mar 20 14:31:09 +0000 2025","3064","Proyek setan Nasional ini mah #TolakRevisiUUTNI #PeringatanDarurat #TolakDwifungsiABRI https://t.co/Mzzh0xGTna","1902729631591170142","https://pbs.twimg.com/ext_tw_video_thumb/1902729588448575488/pu/img/7HwCt5mmOWjLL1tw.jpg","","in","Luar istana","6","45","1079","https://x.com/garisoposisi/status/1902729631591170142","2563288904","garisoposisi"
"1902600014754673036","Thu Mar 20 05:56:06 +0000 2025","51469","#GagalkanRUUTNI #CabutRUUTNI #IndonesiaGelap #TolakRUUTNI #TolakRevisiUUTNI KEMBALIKAN TNI KE BARAK! NEGARA PUNYA RAKYAT! https://t.co/fLQsp0u9hv","1902600014754673036","https://pbs.twimg.com/media/GmdkoT8aEAAGQQW.jpg","","in","no war ‚Ä¢ no shipper and solos!","176","1068","30978","https://x.com/guemaungeluh/status/1902600014754673036","1331207771518242823","guemaungeluh"
"1902656915752026558","Thu Mar 20 09:42:13 +0000 2025","3331","RT AND REPLY #TolakRUUTNI #TolakRevisiUUTNI #PeringatanDarurat #IndonesiaGelap #TolakDwifungsiABRI https://t.co/RmBTvcXMU2","1902656915752026558","https://pbs.twimg.com/media/GmeYYSxbcAASdy-.jpg","","en","Seoul, Korea Selatan","29","1027","3440","https://x.com/rahmdess27/status/1902656915752026558","442477264","rahmdess27"
"1903170156018450560","Fri Mar 21 19:41:39 +0000 2025","3544","Ô∏èPOSKO UNISBAÔ∏è Kawan-kawan di UNISBA ada makanan snack dan minuman serta dalam perjalanan makanan untuk sahur. Tetap hati-hati dan isi perut supaya ga lelah! #TolakRUUTNI #TolakRevisiUUTNI #TolakUUTNI https://t.co/D3GwRQcO1Y","1903170156018450560","https://pbs.twimg.com/amplify_video_thumb/1903170091124150272/img/rpt3ziaVfvNwurez.jpg","","in","","32","87","1604","https://x.com/nctzenhumanity/status/1903170156018450560","1577988690718052354","nctzenhumanity"
"1902666411912413187","Thu Mar 20 10:19:57 +0000 2025","14255","‚ÄºÔ∏è MASS HASTAG ALERT ‚ÄºÔ∏è ‚ÄºÔ∏è MASS HASTAG ALERT ‚ÄºÔ∏è #TolakRUUTNI #TolakRevisiUUTNI #TolakDwifungsiTNI https://t.co/b2UuJL8CnC","1902666411912413187","https://pbs.twimg.com/media/Gmeg_37b0AApoAj.jpg","","de","","131","1735","10554","https://x.com/nctzenhumanity/status/1902666411912413187","1577988690718052354","nctzenhumanity"
"1901919072729592017","Tue Mar 18 08:50:17 +0000 2025","7759","Coba demgarkan sampai akhir beliau adalah Alm Mbah Gatot yang mengembangkan Padi Rojolele. Cerita beliau gimana ditangkap tentara karena gak mau ikut program revolusi hijau. Ini contoh kasus ketika militer masuk ke wilayah sipil. #TolakRUUTNI #TolakRevisiUUTNI https://t.co/eFS3wo7RqJ","1901919072729592017","https://pbs.twimg.com/ext_tw_video_thumb/1901919010184409088/pu/img/OqVtNHex3YhF6_2m.jpg","","in","","134","54","4358","https://x.com/TaniHitam/status/1901919072729592017","1057323143147139073","TaniHitam"
"1902914135970758812","Fri Mar 21 02:44:19 +0000 2025","1210","haloOo muts boleh minta tolong buat menyuarakan masalah ini ga?? ini negara bener bener lagi gak kondusif banget. #TolakRUUTNI #TolakRevisiUUTNI #PeringatanDarurat #IndonesiaGelap #TolakDwifungsiABRI https://t.co/9Ibl5LvOu0","1902914135970758812","https://pbs.twimg.com/media/GmiCUfFbIAAncUB.jpg","","in","ÍØ±◊Å◊Ö÷íh◊Å◊Ö÷ÆÍ´Ä◊Å◊Ö‹ª ","13","665","1190","https://x.com/beccccaca/status/1902914135970758812","1577629891775717379","beccccaca"
"1903007104610472024","Fri Mar 21 08:53:44 +0000 2025","233","HALO WILLIAMEST INDONESIA FANS bantu kami menyuarakan penolakan keras terhadap RUU TNI dengan menggunakan hastag ini kami TIDAK SETUJU apa yang telah terjadi kemarin pengesahan yang tidak masuk akal bantu kami #TolakUUTNI #TolakRUUTNI #TolakRevisiUUTNI #PeringatanDarurat https://t.co/pr1b3YdRJz","1903007104610472024","https://pbs.twimg.com/media/GmjW34paEAAXGHu.jpg","","in","ùóúùóªùó±ùóºùóªùó≤ùòÄùó∂ùóÆ","0","95","217","https://x.com/williamestina/status/1903007104610472024","1783683959811117056","williamestina"
"1902651418672046381","Thu Mar 20 09:20:22 +0000 2025","4327","Jangan takut bersuara! Ayo tetap terus bersuara! Kami sebagai warga negara Indonesia DENGAN TEGAS menolak Revisi Undang-Undang Tentara Nasional Indonesia (RUU TNI)! #TolakRUUTNI #TolakRevisiUUTNI #PeringatanDarurat #IndonesiaGelap #TolakDwifungsiABRI https://t.co/4CJFMbbcUu","1902651418672046381","https://pbs.twimg.com/media/GmeTYQ1acAAC94T.jpg","","in","üáÆüá©","26","458","2373","https://x.com/infodrakor_id/status/1902651418672046381","1376348437","infodrakor_id"
"1902640983936037302","Thu Mar 20 08:38:54 +0000 2025","23057","wallahi merindingggggg we're totally doomed #TolakRUUTNI #TolakRevisiUUTNI #PeringatanDarurat #IndonesiaGelap #TolakDwifungsiABRI https://t.co/rG6vDWxeKP","1902640983936037302","https://pbs.twimg.com/amplify_video_thumb/1902640890096840704/img/-Fqjp-j0CLuWhOG-.jpg","","en","relationsea ü¶ãü¶Ä","403","466","9675","https://x.com/baymaxsad/status/1902640983936037302","1254922651534897152","baymaxsad"
"1902579263670210954","Thu Mar 20 04:33:39 +0000 2025","646","1998 - Orde Baru diruntuhkan masyarakat 2025 - Orde Baru jilid 2 dibangun dan dikuatkan kembali oleh mantunya penguasa Orba Sia-sia darah Elang Mulia Lesmana Heri Hertanto Hafidin Royan Hendriawan Sie Sigit Prasetyo dll yg tumpah dan gugur demi Reformasi #TolakRevisiUUTNI https://t.co/cCuzVGin09","1902579263670210954","https://pbs.twimg.com/media/GmdRwdJbcAALQ8V.jpg","","in","Cijantung","5","12","186","https://x.com/MoXweet/status/1902579263670210954","101426317","MoXweet"
"1902956297672352012","Fri Mar 21 05:31:51 +0000 2025","1802","jangan menunggu cahaya. buat cahaya itu sendiri REBUT KEMBALI REFORMASI! #ArtistBersuara #TolakRUUTNI #TolakRevisiUUTNI #IndonesiaGelap https://t.co/plGuZm4rem","1902956297672352012","https://pbs.twimg.com/media/GmioqRsagAAv9t3.jpg","","in","","6","142","1089","https://x.com/kucalypse/status/1902956297672352012","1380889382060650499","kucalypse"
"1902979778962989559","Fri Mar 21 07:05:09 +0000 2025","2781","ftd! Thaienthu tolong jangan diem aja! semua keputusan pemerintah akan sangat berpengaruh sama agenda fangirling kita kedepannya please #.TolakRUUTNI #.TolakRevisiUUTNI #.PeringatanDarurat #.IndonesiaGelap #.TolakDwifungsiABRI #.TolakRUUPolri #.TolakRUUKejaksaan https://t.co/wpRgdEWu3d","1902979778962989559","https://pbs.twimg.com/media/Gmi-BhBXQAA02Pn.jpg","","in","","55","1033","1779","https://x.com/fessthaii/status/1902979778962989559","1393735951239684100","fessthaii"
"1902599438968734115","Thu Mar 20 05:53:49 +0000 2025","11028","help rt + hastag !! #TolakRUUTNI #TolakRevisiUUTNI #PeringatanDarurat #IndonesiaGelap #TolakDwifungsiABRI https://t.co/OuAdiWKF0j","1902599438968734115","https://pbs.twimg.com/media/GmdkGllaAAAuJeg.jpg","","en","Medpart DM IG @catolunyam .","210","2635","10009","https://x.com/yupnyamnyam/status/1902599438968734115","815936202834444288","yupnyamnyam"
"1902947902634467779","Fri Mar 21 04:58:29 +0000 2025","3481","Nct! TO ALL MY NON-INDONESIAN NCTZEN FELLOW. THIS IS WHAT IS CURRENTLY HAPPENING IN OUR COUNTRY! HELPPP Lawan sampai menang! # TolakRUUTNI # TolakRevisiUUTNI # PeringatanDarurat # IndonesiaGelap # TolakDwifungsiABRI https://t.co/osbyxL6pui","1902947902634467779","https://pbs.twimg.com/media/GmihCHza0AA2TEF.jpg","","in","Tutor send MF:","24","1670","1976","https://x.com/nct_menfess/status/1902947902634467779","1275010241017462784","nct_menfess"
"1903152628034572785","Fri Mar 21 18:32:00 +0000 2025","630","Mumpung ak blm tidur yok gess naikin htnya terus terusan sampe pda buka mata sisihin waktu kalen buat naikin ht jgn lengah ‚ÄºÔ∏èHELP RT LIKE OR REPLY‚ÄºÔ∏è #TolakRUUTNI #TolakRevisiUUTNI #PeringatanDarurat #IndonesiaGelap #TolakDwifungsiABRI https://t.co/ZpvmdHoTtQ","1903152628034572785","https://pbs.twimg.com/media/GmlbOjAb0AAiZPR.jpg","","in","pgn ke sungai amazon :)","8","333","580","https://x.com/KanaFatin/status/1903152628034572785","1710431656736419840","KanaFatin"
"1902734954343325833","Thu Mar 20 14:52:18 +0000 2025","9151","[ 20.08 WIB ] posko relawan juga di kepung ‚ÄºÔ∏è kami di paksa mundur dan cabut banner #TolakRevisiUUTNI #TolakRUUTNI https://t.co/VkNEqWxhie","1902734954343325833","https://pbs.twimg.com/amplify_video_thumb/1902734867424837633/img/5bxNIiTMHAl98AJu.jpg","","in","frieren","169","209","4473","https://x.com/immiddlemist/status/1902734954343325833","1696470580097355777","immiddlemist"
"1903068132920660233","Fri Mar 21 12:56:14 +0000 2025","847","JANGAN BUTA LIAT BAIK-BAIK CERNA BAIK-BAIK LAWAN DENGAN KEKERASAN MENANGKAN KE ADILAN! proud of you who took part directly!! stay safe tetap jaga kesehatan. #TolakRUUTNI #TolakRevisiUUTNI #TolakDwifungsiABRI #PeringatanDarurat #IndonesiaGelap #IndonesiaMakinGelap https://t.co/OPoejtcLGl","1903068132920660233","https://pbs.twimg.com/media/GmkOYHHaEAEPEEY.jpg","","in","Bogor Barat, Indonesia","11","605","773","https://x.com/quokkachocolate/status/1903068132920660233","1629417675670847488","quokkachocolate"
"1902798652206174219","Thu Mar 20 19:05:25 +0000 2025","6427","Ingat saat prabowo keroyokan demo ke MK soal pilpres kalah dia menarasikan negara kita totaliter fasis atau komunis Padahal dia lagi bicara dia sendiri..! liat draf RUU TNI dan pemukulan mahasiswa saat demo #PeringatanDarurat #TolakDwifungsiTNI #TolakRevisiUUTNI https://t.co/2LvcXYMo0A","1902798652206174219","https://pbs.twimg.com/amplify_video_thumb/1902798510170443778/img/TYmAqI4MOFsIOO1V.jpg","","in","Kota Madiun, Jawa Timur","62","124","2566","https://x.com/ilhampid/status/1902798652206174219","1447198634726998016","ilhampid"
"1903170738896654383","Fri Mar 21 19:43:58 +0000 2025","1256","YG BELUM TIDUR AYO NAIKIN HT GUYS #GagalkanRUUTNI #CabutRUUTNI #PeringatanDarurat #IndonesiaGelap #TolakRUUTNII #SupremasiSipil #TolakRevisiUUTNI #PeringatanDarurat #TolakDwifungsiABRI #KembalikanTNIkeBarak https://t.co/LsXG1k1JFb","1903170738896654383","https://pbs.twimg.com/media/Gmlrs3faEAA3yo4.jpg","","in","","14","501","1006","https://x.com/wh0s_rar4/status/1903170738896654383","1755220525583101952","wh0s_rar4"
"1902458003946926333","Wed Mar 19 20:31:48 +0000 2025","13081","Seneng banget nyamperin dan ngusir ngusir kami Pak padahal ini rumah kami. Gak boleh ya kita jagain disaat yang kita kasih kepercayaan untuk jaga malah ngerusak rumah yang kami percayakan? #TolakRUUTNI #TolakRevisiUUTNI #IndonesiaGelapJilid2 #IndonesiaGelap https://t.co/SW9J4d4fXZ","1902458003946926333","https://pbs.twimg.com/media/GmbjX82a8AAmY0i.jpg","","in","She/Her","52","113","5584","https://x.com/nakaharadz/status/1902458003946926333","1555329492662398976","nakaharadz"
"1902624261707329712","Thu Mar 20 07:32:27 +0000 2025","2143","Detik-detik massa aksi #TolakRevisiUUTNI #TolakUUTNI tiba di Gedung DPR Kamis (20/3). Dari atas mobil komando perwakilan massa aksi menilai pengesahan UU TNI harus dibatalkan demi hukum. Massa menilai revisi ini telah mengkhianati semangat Reformasi. Beberapa massa juga https://t.co/i7LpJXOl1x","1902624261707329712","https://pbs.twimg.com/ext_tw_video_thumb/1902624197945520128/pu/img/TIRtkcKtz0_wB2Dj.jpg","","in","Jakarta Capital Region","6","36","753","https://x.com/akuratco/status/1902624261707329712","786549338818224128","akuratco"
"1902693765095227392","Thu Mar 20 12:08:38 +0000 2025","25873","Kabar genting! Massa aksi tolak revisi UU TNI di Jogja dikepung aparat dan ormas di dalam Gedung DPRD DIY. Sampai sekarang mereka masih bertahan di dalam. Bantu sebarkan info ini ke segala penjuru! #TolakRUUTNI #TolakRevisiUUTNI https://t.co/2A0WFe7Adt","1902693765095227392","https://pbs.twimg.com/media/Gme55Esa8AAW-sy.jpg","","in","","340","380","14547","https://x.com/semutapi_media/status/1902693765095227392","1431123866164731907","semutapi_media"
"1902609400977830020","Thu Mar 20 06:33:24 +0000 2025","7892","Kami warga Indonesia menolak adanya Revisi UU TNI. Mari suarakan #TolakRevisiUUTNI karena negara ini sedang tidak baik-baik saja Dimulai dari kita dan kalian sebarkan hingga suara kita terdengar #TolakRUUTNI #PeringatanDarurat #IndonesiaGelap #TolakDwifungsiABRI https://t.co/Mw4aP3vEAy","1902609400977830020","https://pbs.twimg.com/media/GmdtKvEa8AIB5IW.jpg","","in","indonesiancarats17@gmail.com","103","1448","7480","https://x.com/17CARATS_INA/status/1902609400977830020","4049111952","17CARATS_INA"
"1903049484575314420","Fri Mar 21 11:42:08 +0000 2025","6925"," Ambulance aksi Bandung sudah standby! Untuk kawan-kawan yang membutuhkan pertolongan medis bisa langsung merapat tetap saling menjaga. Stay safe! Depan Bank Mandiri #TolakRevisiUUTNI #CabutRUUTNI https://t.co/kqN6a71AF5","1903049484575314420","https://pbs.twimg.com/media/Gmj9FxbaEAAqSJ9.jpg","","in","","28","118","3273","https://x.com/humaniesproject/status/1903049484575314420","1337987604596150272","humaniesproject"
"1902593105292886050","Thu Mar 20 05:28:39 +0000 2025","24703","CALL THE MEDIA!! PRESS RELEASE KOREAN @hankyungmedia #GagalkanRUUTNI #TolakRevisiUUTNI #JogjaMemanggil https://t.co/eP1r1BLqa1","1902593105292886050","https://pbs.twimg.com/media/GmdeH05a8AAm5sb.jpg","","en","talkshit abt govt","107","495","16523","https://x.com/pinkairyy/status/1902593105292886050","1746168708865953792","pinkairyy"
"1903003115433103574","Fri Mar 21 08:37:53 +0000 2025","719","yaelah pemerintah kerjaannya bikin gw adain art raffle mendadak mulu. all can join. ntar hadiahnya rkgk couple like this. Rulesnya: 1. like &amp; rt. gausah follow juga gapapa 2. rep apapun pake ht #CabutRUUTNI #TolakRUUTNI #TolakRevisiUUTNI #PeringatanDarurat #IndonesiaGelap https://t.co/QromuQe8Nc","1903003115433103574","https://pbs.twimg.com/media/GmjTPyKaEAEd_fp.jpg","","in","NagiReo's hug„ÄÇ","2","241","472","https://x.com/mkgrokanojo/status/1903003115433103574","1069493845635694593","mkgrokanojo"
"1902682184022171852","Thu Mar 20 11:22:37 +0000 2025","941","lagi-lagi aksi di semarang aparatnya main culik2 an. sok keras najis seinstansi isinya orang-orang kayak gini semua. #TolakRevisiUUTNI #TolakRUUTNI #TolakDwifungsiABRI #IndonesiaGelap #PeringatanDarurat https://t.co/drGU9J59O1","1902682184022171852","https://pbs.twimg.com/ext_tw_video_thumb/1902681979931508736/pu/img/mCMYvn0x5xo81HUA.jpg","","in","Kota Semarang, Jawa Tengah","21","26","268","https://x.com/viilaaaaa/status/1902682184022171852","1092332824462426115","viilaaaaa"
"1903050048922915246","Fri Mar 21 11:44:23 +0000 2025","322"," KEADILAN SOSIAL BAGI SELURUH RAKYAT INDONESIA #TolakRUUTNI #TolakRevisiUUTNI #PeringatanDarurat #IndonesiaGelap #TolakDwifungsiABRI #TolakRUUPolri #TolakRUUKejaksaan https://t.co/y3YnXkkiBu","1903050048922915246","https://pbs.twimg.com/media/Gmj97wCaEAAOjbU.jpg","","in","","14","195","282","https://x.com/_pangpond01/status/1903050048922915246","3141460291","_pangpond01"
"1902507235798085916","Wed Mar 19 23:47:26 +0000 2025","371","UNDUH - CETAK - SEBAR LUASKAN!!! JANGAN SAMPAI TERPUKUL MUNDUR HARUS MENANG!!! #TolakRevisiUUTNI #TolakRUUTNI #TolakDwifungsiABRI #SampaiMenang #MenolakKalah https://t.co/37XRBmGSuo","1902507235798085916","https://pbs.twimg.com/media/GmcP6zra0AAvyCb.jpg","","in","JKTN","2","14","216","https://x.com/Atseradna/status/1902507235798085916","2293578434","Atseradna"
"1902968254584459687","Fri Mar 21 06:19:21 +0000 2025","264","BACA ANJIR BACAA TRUS APA GUNANYA PANCASILA BANGSATTT??? #TolakRUUTNI #TolakRevisiUUTNI #PeringatanDarurat #IndonesiaGelap #TolakDwifungsiABRI #TolakRUUPolri #TolakRUUKejaksaan https://t.co/Fm7iJYlykB","1902968254584459687","https://pbs.twimg.com/media/GmizitnaEAEJ4Cj.jpg","","in","love phuwin's alot üíå","6","102","224","https://x.com/winnythanaa/status/1902968254584459687","1536926524850700288","winnythanaa"
"1903105365572718611","Fri Mar 21 15:24:11 +0000 2025","1638","Kawan-kawan di Bandung kalau misalnya merasa sesak atau kram kaki segera cari bantuan terdekat ya. Ô∏èJaga Diri Jaga KawanÔ∏è #TolakRevisiUUTNI #TolakUUTNI https://t.co/TwbwC8fHnz","1903105365572718611","https://pbs.twimg.com/media/GmkwPbpaEAY5dPE.jpg","","in","","14","75","705","https://x.com/nctzenhumanity/status/1903105365572718611","1577988690718052354","nctzenhumanity"
"1903086833862381727","Fri Mar 21 14:10:33 +0000 2025","1859","Jgn berhenti yok naikin ht trs seterusnya sampe pda buka mata lebar lebar jgn lengah ‚ÄºÔ∏èHELP RT LIKE OR REPLY‚ÄºÔ∏è #TolakRUUTNI #TolakRevisiUUTNI #PeringatanDarurat #IndonesiaGelap #TolakDwifungsiABRI https://t.co/iLBhZDhzLq","1903086833862381727","https://pbs.twimg.com/media/GmkfYsbbQAAnFxF.jpg","","in","pgn ke sungai amazon :)","28","780","1857","https://x.com/KanaFatin/status/1903086833862381727","1710431656736419840","KanaFatin"
"1902974358764617740","Fri Mar 21 06:43:37 +0000 2025","1344","the white scarf and the white helmet. can be found in frontline medical and logistics. we are everywhere and anyone can join! kalau di aksi berikutnya kalian butuh makanan minuman dan medis cari kita aja ya! #TolakRevisiUUTNI https://t.co/GBZePs5IYQ","1902974358764617740","https://pbs.twimg.com/media/Gmi5FSkbYAALlDY.jpg","","in","ot7","8","16","678","https://x.com/kootummy/status/1902974358764617740","1758853143402893312","kootummy"
"1903029137499095196","Fri Mar 21 10:21:17 +0000 2025","343","kita rakyat punya hak bersuara please don't ignore it ‚ÄºÔ∏è #TolakRUUTNI #TolakRevisiUUTNI #PeringatanDarurat #IndonesiaGelap #TolakDwifungsiABRI #TolakRUUPolri #tolakruukejaksaan https://t.co/t5CdvvCJ6R","1903029137499095196","https://pbs.twimg.com/media/Gmjq6ikaQAAe8Fr.jpg","","in","homophobicdni.","6","176","343","https://x.com/chenataluv/status/1903029137499095196","1410986769328136199","chenataluv"
"1903288735904780753","Sat Mar 22 03:32:50 +0000 2025","130","KPOPERS THAIENTHU DLL PASTI KESEL KAN GAK BISA NGEHYPE IDOL KRN PEMERINTAH? AYO BALES DENDAM NAIKIN HT JGN KASIH KENDOR ‚ÄºÔ∏èHELP RT LIKE REPLY #GagalkanRUUTNI #CabutRUUTNI #PeringatanDarurat #IndonesiaGelap #TolakRUUTNI #TolakRevisiUUTNI #TolakDwifungsiABRI #SupremasiSipil https://t.co/QcC7b1eT5k","1903288735904780753","https://pbs.twimg.com/media/GmnXAoQa8AABf2N.jpg","","in","she/her | 05L","3","76","104","https://x.com/valdacimolnrvt/status/1903288735904780753","1889726264988360704","valdacimolnrvt"
"1902772585227796542","Thu Mar 20 17:21:50 +0000 2025","22583"," KAMI MENDOKUMENTASIKAN DETIK-DETIK POLISI MULAI KELUAR KANDANG DPR DAN JUGA KEJATUHAN KORBAN SIPIL PERTAMA YANG MEMERLUKAN MEDIS MOBIL AMBULANS 2025.03.20 - Salah satu #HansipCAM paling mencekam tahun ini. #TolakRevisiUUTNI #TolakUUTNI #PeringatanDarurat https://t.co/M7OJDPY7OJ","1902772585227796542","https://pbs.twimg.com/media/GmgA5aIaEAUg_xY.jpg","","in","Indonesia","85","196","11423","https://x.com/Hanif_AF/status/1902772585227796542","2478451147","Hanif_AF"
"1903091818662912295","Fri Mar 21 14:30:21 +0000 2025","579","Hanya diri kita yang bisa mewakilkan rakyat #TolakRUUTNI #TolakRevisiUUTNI #PeringatanDarurat #IndonesiaGelap #TolakDwifungsiABRI https://t.co/KhFJcwTvt7","1903091818662912295","https://pbs.twimg.com/media/Gmkjv1JaAAAX6WU.jpg","","in","","1","64","386","https://x.com/J_ON18/status/1903091818662912295","1355535010510512130","J_ON18"
"1903017191089270958","Fri Mar 21 09:33:49 +0000 2025","5734","Yok ges yok jan lengah naiknya terus ht nya serame ramenya sampe para petinggi pda buka mata lebar lebarr ‚ÄºÔ∏èHELP RT LIKE OR REPLY‚ÄºÔ∏è #TolakRUUTNI #TolakRevisiUUTNI #PeringatanDarurat #IndonesiaGelap #TolakDwifungsiABRI https://t.co/mAfFtwNbEi","1903017191089270958","https://pbs.twimg.com/media/GmjgDIgbkAACnmz.jpg","","in","pgn ke sungai amazon :)","67","1479","4832","https://x.com/KanaFatin/status/1903017191089270958","1710431656736419840","KanaFatin"
"1903109374018785781","Fri Mar 21 15:40:07 +0000 2025","1237","Not [17s] related karna caratland udah selesai yuu kita bahu membahu naikin ht dibawah ini #.TolakRUUTNI #.TolakRevisiUUTNI #.PeringatanDarurat #.IndonesiaGelap #.TolakDwifungsiABRI #.TolakRUUPolri #.TolakRUUKejaksaan https://t.co/EoEIHt09Go","1903109374018785781","https://pbs.twimg.com/media/Gmkz47SWAAAlVN_.jpg","","in","We don't own any content","10","606","668","https://x.com/caratstalk/status/1903109374018785781","988230993231269889","caratstalk"
"1903029978213781696","Fri Mar 21 10:24:38 +0000 2025","2799","guys ayo bantu up lagi karena bakal ngaruh di segala aspek kehidupan kita kedepannya drop ht please + rt yuk suarain huhu #TolakRUUTNI #TolakRevisiUUTNI #PeringatanDarurat #IndonesiaGelap #TolakDwifungsiABRI https://t.co/sBsg1KUaEY","1903029978213781696","https://pbs.twimg.com/media/GmjrqbyaEAIdRc_.jpg","","in","skynani pondphu willest","42","1113","2766","https://x.com/pahnpotie/status/1903029978213781696","1639640639276195840","pahnpotie"
"1902610013547589793","Thu Mar 20 06:35:50 +0000 2025","2475","karena skrg udh masuk ke malam lailatu qadar ; waktu mustajab untuk berdoa. jangan lupa selipkan doa utk pemimpin dzalim karena Allah selalu mendengar doa dari orang yang terdzalimi. #TolakRUUTNI #TolakRevisiUUTNI #PeringatanDarurat #IndonesiaGelap #TolakDwifungsiABRI https://t.co/p7cztuQLNU","1902610013547589793","https://pbs.twimg.com/media/GmdtuZMa8AAKzmf.jpg","","in","","21","364","1967","https://x.com/glaucuosie/status/1902610013547589793","1665694643567357953","glaucuosie"
"1902656627485839855","Thu Mar 20 09:41:04 +0000 2025","3743","naikkan ht jangan tutup mata! #TolakRUUTNI #TolakRevisiUUTNI #PeringatanDarurat #IndonesiaGelap #TolakDwifungsiABRI https://t.co/AAz4DyfB0T","1902656627485839855","https://pbs.twimg.com/media/GmeYHncakAA4BL9.jpg","","in","8M1T üè¥‚Äç‚ò†Ô∏è","28","1129","3109","https://x.com/woyorbit/status/1902656627485839855","1382458629215821828","woyorbit"
"1902357697711980587","Wed Mar 19 13:53:13 +0000 2025","628","Kita setuju? Makanya ada yang #TolakRUUTNI #TolakRevisiUUTNI https://t.co/ZfyWA53yho","1902357697711980587","https://pbs.twimg.com/ext_tw_video_thumb/1902357622105468928/pu/img/DWFVTXB6plbOlqD2.jpg","","in","","4","1","198","https://x.com/Bersinar2023/status/1902357697711980587","1725942108476084224","Bersinar2023"
"1903051200842645972","Fri Mar 21 11:48:57 +0000 2025","2269","JANGAN NAIKIN HASTAG SERIES BISA TAPI HASTAG TENTANG NEGARA SENDIRI GA BISA YA LU PADA TERSERAH DI AKUN MANA ‚ÄºÔ∏è #TolakRUUTNI #TolakRevisiUUTNI #PeringatanDarurat #IndonesiaGelap #TolakDwifungsiABRI #TolakRUUPolri #TolakRUUKejaksaan","1903051200842645972","","","in","","36","1072","2018","https://x.com/lallonara/status/1903051200842645972","1221456765310529536","lallonara"
"1902596086931546222","Thu Mar 20 05:40:30 +0000 2025","3148","[Sorry Not Jin Related] #TolakRUUTNI #TolakRevisiUUTNI #PeringatanDarurat #IndonesiaGelap #TolakDwifungsiABRI https://t.co/JNtH5X7Lw4","1902596086931546222","https://pbs.twimg.com/media/GmdhDhfbEAAjlWx.jpg","","en","Indonesia","24","835","3450","https://x.com/JinBase_/status/1902596086931546222","872318719736807426","JinBase_"
"1903055692694532576","Fri Mar 21 12:06:48 +0000 2025","13759","SITUASI TERKINI #TolakRevisiUUTNI #TolakUUTNI https://t.co/2eLZ1F8ZET","1903055692694532576","https://pbs.twimg.com/amplify_video_thumb/1903055632766472192/img/6jBjztYOodXuFlLl.jpg","","in","","136","691","6960","https://x.com/nctzenhumanity/status/1903055692694532576","1577988690718052354","nctzenhumanity"
"1902604802598850969","Thu Mar 20 06:15:08 +0000 2025","12023","Si goblok. Momen Massa bayaran terplanga-plongo ketika ditanya kenapa mereka mendukung RUU TNI #TolakRevisiUUTNI #PeringatanDarurat DPR KONTOL https://t.co/pMIcwFcRyd","1902604802598850969","https://pbs.twimg.com/media/GmdkBiJa8AMGyAV.jpg","","in","PLUIT","366","478","3715","https://x.com/KangManto123/status/1902604802598850969","947632364003368961","KangManto123"
"1902598886981525611","Thu Mar 20 05:51:37 +0000 2025","5733","boleh naiki ht ya carat #TolakRUUTNI #TolakRevisiUUTNI #PeringatanDarurat #IndonesiaGelap #TolakDwifungsiABRI https://t.co/odTbsvDnru","1902598886981525611","https://pbs.twimg.com/media/GmdjlcIa8AAEkRN.jpg","","in","RPS FA ‚Ä¢ area 18+","46","1294","4528","https://x.com/howoozistt/status/1902598886981525611","929692364259565568","howoozistt"
"1902681816873775494","Thu Mar 20 11:21:09 +0000 2025","1641","#StayAjaDulu there ain t no last step out untuk kita memperjuangkan keadilan rakyat #TolakRUUTNI #TolakRevisiUUTNI #PeringatanDarurat #IndonesiaGelap #TolakDwifungsiABRI https://t.co/bgGWp2GVGV","1902681816873775494","https://pbs.twimg.com/media/GmevBpeasAEpaKQ.jpg","","in","","20","104","773","https://x.com/aduhfileks/status/1902681816873775494","1820408706699526144","aduhfileks"
"1903268556860690683","Sat Mar 22 02:12:39 +0000 2025","80","Buka mata naikin ht lagi gass #GagalkanRUUTNI #CabutRUUTNI #PeringatanDarurat #IndonesiaGelap #TolakRUUTNII #SupremasiSipil #TolakRevisiUUTNI #PeringatanDarurat #TolakDwifungsiABRI #KembalikanTNIkeBarak https://t.co/Aqs3WERbwh","1903268556860690683","https://pbs.twimg.com/media/GmnEp7qaEAEqk1_.jpg","","in","in chris heart","0","107","61","https://x.com/chrisswifes/status/1903268556860690683","1336061294919647233","chrisswifes"
"1903242086943723601","Sat Mar 22 00:27:28 +0000 2025","158","di atas fir'aun masih ada pemerintah TURUT BERDUKA CITA ATAS MATINYA REFORMASI! #GagalkanRUUTNI #CabutRUUTNI #TolakRUUTNI #TolakRevisiUUTNI #PeringatanDarurat #IndonesiaGelap #TolakDwifungsiABRI #SupremasiSipil #TolakRUUPolri #TolakRUUKejaksaan https://t.co/1W92ZfH906","1903242086943723601","https://pbs.twimg.com/media/Gmmslqqb0AA3M0f.jpg","","in","homophobic dni","1","132","143","https://x.com/amorrjsuu/status/1903242086943723601","1795767727749251073","amorrjsuu"
"1903025745921970255","Fri Mar 21 10:07:48 +0000 2025","135","temen tolong jangan tone deaf negara kita lg ga baik aja. ini juga bakal ngerugiin kita sbg kaum perempuan. #TolakRUUTNI #TolakRevisiUUTNI #PeringatanDarurat #IndonesiaGelap #TolakDwifungsiABRI #TolakRUUPolri #TolakRUUKejaksaan https://t.co/RmON2sthlp","1903025745921970255","https://pbs.twimg.com/media/Gmjn050aMAAiRhT.jpg","","in","fairytale","5","59","133","https://x.com/deeewtee/status/1903025745921970255","1606486141611360256","deeewtee"
"1902680054045536637","Thu Mar 20 11:14:09 +0000 2025","8126","Ini penjelasan bahasa bayi dwifungsi ABRI guys boleh disimak #TolakRevisiUUTNI #TolakUUTNI #CabutRUUTNI #PeringatanDarurat https://t.co/qZimnPmqBW","1902680054045536637","https://pbs.twimg.com/ext_tw_video_thumb/1902630475560316929/pu/img/SxPpdT33TpAcHFAf.jpg","","in","Jakarta Capital Region","55","21","3986","https://x.com/akang_yeosang/status/1902680054045536637","1396415898349543427","akang_yeosang"
"1902622159379542245","Thu Mar 20 07:24:06 +0000 2025","1798","Si kakek tua kalo bikin kebijakan Bikin kebijakan ngaco Ô∏è Diprotes rakyat Ô∏è Ngebentak nyuruh2 dibatalin biar jadi pahlawan Ô∏è Batalin kebijakan ngaco Ô∏è Bikin kebijakan baru yg lebih ngaco #TolakRUUTNI #TolakRevisiUUTNI #PeringatanDarurat #IndonesiaGelap #TolakDwifungsiABRI https://t.co/QEy9lw8kzg","1902622159379542245","https://pbs.twimg.com/media/Gmd4xGDawAAj-ky.jpg","","in","ÎØºÏõê RPS ","13","248","1066","https://x.com/kittywhiteu/status/1902622159379542245","1715548228601643008","kittywhiteu"
"1902835519123529765","Thu Mar 20 21:31:55 +0000 2025","1960","Udah gelap masih harus ditodong senjata lagi #TolakRUUTNI #TolakRevisiUUTNI #PeringatanDarurat #IndonesiaGelap #TolakDwifungsiABRI #ArtistBersuara https://t.co/gz5rHgRimJ","1902835519123529765","https://pbs.twimg.com/media/Gmg6Iz9awAAhFWS.jpg","","in","","6","211","1175","https://x.com/tengqiii/status/1902835519123529765","1737087455227170816","tengqiii"
"1902984810328412260","Fri Mar 21 07:25:09 +0000 2025","1526","ftd! Guys waktu kita TERBATAS! kalo gagal kita mungkin gak bisa bersuasa lagi. Jangangkan bersuara fangirling jg bakal susah #.TolakRUUTNI #.TolakRevisiUUTNI #.PeringatanDarurat #.IndonesiaGelap #.TolakDwifungsiABRI #.TolakRUUPolri #.TolakRUUKejaksaan https://t.co/qLa6WqOh1h","1902984810328412260","https://pbs.twimg.com/media/GmjCmaqWoAAzw5Q.jpg","","in","","26","873","1089","https://x.com/fessthaii/status/1902984810328412260","1393735951239684100","fessthaii"
"1902609841605992779","Thu Mar 20 06:35:09 +0000 2025","3963","Neozen AYOK LEBIH BERISIK GUYSSS!! UDAH DESPERATE BANGET INI TOLONGIN JANGAN DIEM Lawan sampai menang! # TolakRUUTNI # TolakRevisiUUTNI # PeringatanDarurat # IndonesiaGelap # TolakDwifungsiABRI https://t.co/OKDRSSpv0G","1902609841605992779","https://pbs.twimg.com/media/GmdtkZCWEAAQjBq.jpg","","in","200402","32","1912","2506","https://x.com/nctzenbase/status/1902609841605992779","2503485216","nctzenbase"
"1903173494084604145","Fri Mar 21 19:54:54 +0000 2025","3003","LIVE REPORT Unit ambulance berjaga disekitar UNIKOM tim NCTzen Humanity akan terus bersiaga sampai kondisi sudah clear setelah sahur kami akan melakukan penyisiran ke jalur aksi hari ini. cc @barengwarga #TolakRevisiUUTNI #TolakUUTNI https://t.co/dsZw4omTaU","1903173494084604145","https://pbs.twimg.com/amplify_video_thumb/1903173428263387136/img/MsHm1uB_Rk7BHAZJ.jpg","","in","","33","98","1569","https://x.com/nctzenhumanity/status/1903173494084604145","1577988690718052354","nctzenhumanity"
"1901965606041100617","Tue Mar 18 11:55:11 +0000 2025","22395","Alasan menolak RUU TNI #TolakRUUTNI #TolakRevisiUUTNI ingat senjata tidak bisa di ajak diskusi jadi tidak cocok mengurusi sipil Ditambah permasalahan sumber daya Innalillahi hukum berubah cuma untuk letkol tedddy dan tentara Ayo undip ugm ui bersatu lawan dwifungsi tni https://t.co/7cHyzD0Wmk","1901965606041100617","https://pbs.twimg.com/amplify_video_thumb/1901965312246808577/img/j6Vxzzy48akRrWei.jpg","","in","Kota Madiun, Jawa Timur","289","628","8681","https://x.com/ilhampid/status/1901965606041100617","1447198634726998016","ilhampid"
